Product Title,Product Image,SKU,Specification,Shipping From,Added Time,SKU Dimensions (mm),SKU Weight (g),SKU Packing Weight (g),Pickup Supported,Product Status
Multi-Purpose Auto Seat Organizer Bag,,CJQCNBQC00007-Pink,Pink,CN,"7/20/2026, 10:40:21 PM",280*370*50,176,226,Yes,On Sale
Multi-Purpose Auto Seat Organizer Bag,,CJQCNBQC00007-Black 2pcs,Black 2pcs,CN,"7/20/2026, 10:40:21 PM",280*370*50,412,452,Yes,On Sale
Multi-Purpose Auto Seat Organizer Bag,,CJQCNBQC00007-Brown 2pcs,Brown 2pcs,CN,"7/20/2026, 10:40:21 PM",280*370*50,412,452,Yes,On Sale
Multi-Purpose Auto Seat Organizer Bag,,CJQCNBQC00007-Coffee 2pcs,Coffee 2pcs,CN,"7/20/2026, 10:40:21 PM",280*370*50,412,452,Yes,On Sale
Multi-Purpose Auto Seat Organizer Bag,,CJQCNBQC00007-Gery 2pcs,Gery 2pcs,CN,"7/20/2026, 10:40:21 PM",280*370*50,412,452,Yes,On Sale
Multi-Purpose Auto Seat Organizer Bag,,CJQCNBQC00007-Light grey 2pcs,Light grey 2pcs,CN,"7/20/2026, 10:40:21 PM",280*370*50,412,452,Yes,On Sale
Multi-Purpose Auto Seat Organizer Bag,,CJQCNBQC00007-Pink 2pcs,Pink 2pcs,CN,"7/20/2026, 10:40:21 PM",280*370*50,412,452,Yes,On Sale
Multi-Purpose Auto Seat Organizer Bag,,CJQCNBQC00007-Purple 2pcs,Purple 2pcs,CN,"7/20/2026, 10:40:21 PM",280*370*50,412,452,Yes,On Sale
Multi-Purpose Auto Seat Organizer Bag,,CJQCNBQC00007-Red 2pcs,Red 2pcs,CN,"7/20/2026, 10:40:21 PM",280*370*50,337,452,Yes,On Sale
Multi-Purpose Auto Seat Organizer Bag,,CJQCNBQC00007-Rose red 2pcs,Rose red 2pcs,CN,"7/20/2026, 10:40:21 PM",280*370*50,412,452,Yes,On Sale
Multi-Purpose Auto Seat Organizer Bag,,CJQCNBQC00007-Brown,Brown,CN,"7/20/2026, 10:40:21 PM",280*370*50,160,226,Yes,On Sale
Multi-Purpose Auto Seat Organizer Bag,,CJQCNBQC00007-Rose red,Rose red,CN,"7/20/2026, 10:40:21 PM",280*370*50,178,226,Yes,On Sale
Multi-Purpose Auto Seat Organizer Bag,,CJQCNBQC00007-Red,Red,CN,"7/20/2026, 10:40:21 PM",280*370*50,165,226,Yes,On Sale
Multi-Purpose Auto Seat Organizer Bag,,CJQCNBQC00007-Black,Black,CN,"7/20/2026, 10:40:21 PM",280*370*50,162,226,Yes,On Sale
Multi-Purpose Auto Seat Organizer Bag,,CJQCNBQC00007-Purple,Purple,CN,"7/20/2026, 10:40:21 PM",280*370*50,173,226,Yes,On Sale
Multi-Purpose Auto Seat Organizer Bag,,CJQCNBQC00007-Coffee,Coffee,CN,"7/20/2026, 10:40:21 PM",280*370*50,171,226,Yes,On Sale
Multi-Purpose Auto Seat Organizer Bag,,CJQCNBQC00007-Light grey,Light grey,CN,"7/20/2026, 10:40:21 PM",280*370*50,168,226,Yes,On Sale
Multi-Purpose Auto Seat Organizer Bag,,CJQCNBQC00007-Gery,Gery,CN,"7/20/2026, 10:40:21 PM",280*370*50,161,226,Yes,On Sale
Car snow block front windshield antifreeze cover winter front gear snowboard windshield snow cover frost guard,,CJQCWBQC00028-Set 2,Set 2,CN,"7/20/2026, 8:57:01 PM",350*300*50,431,461,Yes,On Sale
Car snow block front windshield antifreeze cover winter front gear snowboard windshield snow cover frost guard,,CJQCWBQC00028-Set 1,Set 1,CN,"7/20/2026, 8:57:01 PM",350*300*50,452,482,Yes,On Sale
Car snow block front windshield antifreeze cover winter front gear snowboard windshield snow cover frost guard,,CJQCWBQC00028-100x147CM,100x147C,CN,"7/20/2026, 8:57:01 PM",350*300*50,396,426,Yes,On Sale
Car snow block front windshield antifreeze cover winter front gear snowboard windshield snow cover frost guard,,CJQCWBQC00028-Set 3,Set 3,CN,"7/20/2026, 8:57:01 PM",350*300*50,431,461,Yes,On Sale
Car snow block front windshield antifreeze cover winter front gear snowboard windshield snow cover frost guard,,CJQCWBQC00028-Set 4,Set 4,CN,"7/20/2026, 8:57:01 PM",350*300*50,431,461,Yes,On Sale
Car snow block front windshield antifreeze cover winter front gear snowboard windshield snow cover frost guard,,CJQCWBQC00028- 143X93,143X93,CN,"7/20/2026, 8:57:01 PM",350*300*50,405,461,Yes,On Sale
Snow Chain Car Snow Tire Tire Chain Snow Emergency Snow Chain,,CJQCQCQC00168-2set,2set,CN,"7/20/2026, 1:42:47 PM",1*1*1,2054,2122,Yes,On Sale
Snow Chain Car Snow Tire Tire Chain Snow Emergency Snow Chain,,CJQCQCQC00168-4set,4set,CN,"7/20/2026, 1:42:47 PM",1*1*1,4352,4480,Yes,On Sale
Snow Chain Car Snow Tire Tire Chain Snow Emergency Snow Chain,,CJQCQCQC00168-1set,1set,CN,"7/20/2026, 1:42:47 PM",1*1*1,1006,1120,Yes,On Sale
Snow Chain Car Snow Tire Tire Chain Snow Emergency Snow Chain,,CJQCQCQC00168-3set,3set,CN,"7/20/2026, 1:42:47 PM",1*1*1,3018,3360,Yes,On Sale
Car Scratch Remover For Autos Body Paint Scratch Care Auto Car Care Polishing And Polishing Compound Paste Car Paint Repair,,CJQCGJQT00029-Red 1pcs,Red 1pcs,CN,"7/20/2026, 8:11:22 PM",280*60*120,21,51,Yes,On Sale
Car Scratch Remover For Autos Body Paint Scratch Care Auto Car Care Polishing And Polishing Compound Paste Car Paint Repair,,CJQCGJQT00029-10 pcs,10 pcs,CN,"7/20/2026, 8:11:22 PM",280*60*120,360,390,Yes,On Sale
Car Scratch Remover For Autos Body Paint Scratch Care Auto Car Care Polishing And Polishing Compound Paste Car Paint Repair,,CJQCGJQT00029-1 pcs,1 pcs,CN,"7/20/2026, 8:11:22 PM",280*60*120,32,42,Yes,On Sale
Car Scratch Remover For Autos Body Paint Scratch Care Auto Car Care Polishing And Polishing Compound Paste Car Paint Repair,,CJQCGJQT00029-5 pcs,5 pcs,CN,"7/20/2026, 8:11:22 PM",280*60*120,165,195,Yes,On Sale
Car Scratch Remover For Autos Body Paint Scratch Care Auto Car Care Polishing And Polishing Compound Paste Car Paint Repair,,CJQCGJQT00029-Blue 1pcs,Blue 1pcs,CN,"7/20/2026, 8:11:22 PM",280*60*120,22,51,Yes,On Sale
Car Scratch Remover For Autos Body Paint Scratch Care Auto Car Care Polishing And Polishing Compound Paste Car Paint Repair,,CJQCGJQT00029-4 pcs,4 pcs,CN,"7/20/2026, 8:11:22 PM",280*60*120,126,156,Yes,On Sale
Car Scratch Remover For Autos Body Paint Scratch Care Auto Car Care Polishing And Polishing Compound Paste Car Paint Repair,,CJQCGJQT00029-Red 2pcs,Red 2pcs,CN,"7/20/2026, 8:11:22 PM",280*60*120,40,60,Yes,On Sale
Car Scratch Remover For Autos Body Paint Scratch Care Auto Car Care Polishing And Polishing Compound Paste Car Paint Repair,,CJQCGJQT00029-Type B 1pcs,Type B 1pcs,CN,"7/20/2026, 8:11:22 PM",280*60*120,30,51,Yes,On Sale
Car Scratch Remover For Autos Body Paint Scratch Care Auto Car Care Polishing And Polishing Compound Paste Car Paint Repair,,CJQCGJQT00029-3 pcs,3 pcs,CN,"7/20/2026, 8:11:22 PM",280*60*120,87,117,Yes,On Sale
Car Scratch Remover For Autos Body Paint Scratch Care Auto Car Care Polishing And Polishing Compound Paste Car Paint Repair,,CJQCGJQT00029-2 pcs,2 pcs,CN,"7/20/2026, 8:11:22 PM",280*60*120,48,78,Yes,On Sale
Car type soft hair car wash cleaning gloves car motorcycle car wash car care cleaning tools,,CJQCGJQC00024-Brown,Brown,CN,"7/20/2026, 7:53:58 PM",300*250*100,45,70,Yes,On Sale
Car type soft hair car wash cleaning gloves car motorcycle car wash car care cleaning tools,,CJQCGJQC00024-Black1,Black1,CN,"7/20/2026, 7:53:58 PM",220*150*50,43,70,Yes,On Sale
Car type soft hair car wash cleaning gloves car motorcycle car wash car care cleaning tools,,CJQCGJQC00024-2pcs Black,2pcs Black,CN,"7/20/2026, 7:53:58 PM",300*250*100,70,100,Yes,On Sale
Car type soft hair car wash cleaning gloves car motorcycle car wash car care cleaning tools,,CJQCGJQC00024-2pcs Black1,2pcs Black1,CN,"7/20/2026, 7:53:58 PM",220*150*50,94,124,Yes,On Sale
Car type soft hair car wash cleaning gloves car motorcycle car wash car care cleaning tools,,CJQCGJQC00024-Blue,Blue,CN,"7/20/2026, 7:53:58 PM",300*250*100,47,70,Yes,On Sale
Car type soft hair car wash cleaning gloves car motorcycle car wash car care cleaning tools,,CJQCGJQC00024-Black,Black,CN,"7/20/2026, 7:53:58 PM",300*250*100,1,70,Yes,On Sale
Automatic Portable Handheld Digital LED Smart Car Air Compressor,,CJQCGJQT00084-Wireless,Wireless,CN,"7/20/2026, 10:47:08 PM",300*200*100,976,1030,Yes,On Sale
Automatic Portable Handheld Digital LED Smart Car Air Compressor,,CJQCGJQT00084-Black,Black,CN,"7/20/2026, 10:47:08 PM",300*200*100,990,1030,Yes,On Sale
Car accessories armrest box pad,,CJQCNBQC00222-Black,Black,CN,"7/20/2026, 8:32:57 PM",300*160*100,309,321,Yes,On Sale
Car accessories armrest box pad,,CJQCNBQC00222-Coffee,Coffee,CN,"7/20/2026, 8:32:57 PM",300*160*100,301,321,Yes,On Sale
Car accessories armrest box pad,,CJQCNBQC00222-Beige,Beige,CN,"7/20/2026, 8:32:57 PM",300*160*100,301,321,Yes,On Sale
Car accessories armrest box pad,,CJQCNBQC00222-Wine red,Wine red,CN,"7/20/2026, 8:32:57 PM",300*160*100,301,321,Yes,On Sale
Car accessories armrest box pad,,CJQCNBQC00222-Black red,Black red,CN,"7/20/2026, 8:32:57 PM",300*160*100,298,321,Yes,On Sale
Car heating cushion,,CJQCNBQC00027-black,black,CN,"7/20/2026, 10:41:28 PM",400*200*100,397,450,Yes,On Sale
Solar Auto Rotation Car Air Freshener Perfume Seat,,CJQCQCQC00318-Black,Black,CN,"7/20/2026, 8:53:06 PM",150*100*50,73,100,Yes,On Sale
Solar Auto Rotation Car Air Freshener Perfume Seat,,CJQCQCQC00318-Blue,Blue,CN,"7/20/2026, 8:53:06 PM",150*100*50,50,100,Yes,On Sale
Solar Auto Rotation Car Air Freshener Perfume Seat,,CJQCQCQC00318-Gold,Gold,CN,"7/20/2026, 8:53:06 PM",150*100*50,72,100,Yes,On Sale
Solar Auto Rotation Car Air Freshener Perfume Seat,,CJQCQCQC00318-Black plastic,Black plastic,CN,"7/20/2026, 8:53:06 PM",150*100*50,100,150,Yes,On Sale
Solar Auto Rotation Car Air Freshener Perfume Seat,,CJQCQCQC00318-Blue plastic,Blue plastic,CN,"7/20/2026, 8:53:06 PM",150*100*50,71,150,Yes,On Sale
Solar Auto Rotation Car Air Freshener Perfume Seat,,CJQCQCQC00318-Red plastic,Red plastic,CN,"7/20/2026, 8:53:06 PM",150*100*50,78,150,Yes,On Sale
Solar Auto Rotation Car Air Freshener Perfume Seat,,CJQCQCQC00318-Silver plastic,Silver plastic,CN,"7/20/2026, 8:53:06 PM",150*100*50,113,150,Yes,On Sale
Solar Auto Rotation Car Air Freshener Perfume Seat,,CJQCQCQC00318-A aromatherapy tablets,A aromatherapy tablets,CN,"7/20/2026, 8:53:06 PM",40*40*10,3,10,Yes,On Sale
Solar Auto Rotation Car Air Freshener Perfume Seat,,CJQCQCQC00318-B aromatherapy tablets,B aromatherapy tablets,CN,"7/20/2026, 8:53:06 PM",40*40*10,1,10,Yes,On Sale
Solar Auto Rotation Car Air Freshener Perfume Seat,,CJQCQCQC00318-C aromatherapy tablets,C aromatherapy tablets,CN,"7/20/2026, 8:53:06 PM",40*40*10,1,10,Yes,On Sale
Solar Auto Rotation Car Air Freshener Perfume Seat,,CJQCQCQC00318-D aromatherapy tablets,D aromatherapy tablets,CN,"7/20/2026, 8:53:06 PM",40*40*10,7,10,Yes,On Sale
Solar Auto Rotation Car Air Freshener Perfume Seat,,CJQCQCQC00318-E aromatherapy tablets,E aromatherapy tablets,CN,"7/20/2026, 8:53:06 PM",40*40*10,5,10,Yes,On Sale
Solar Auto Rotation Car Air Freshener Perfume Seat,,CJQCQCQC00318-Red,Red,CN,"7/20/2026, 8:53:06 PM",150*100*50,50,100,Yes,On Sale
Solar Auto Rotation Car Air Freshener Perfume Seat,,CJQCQCQC00318-Silver,Silver,CN,"7/20/2026, 8:53:06 PM",150*100*50,106,117,Yes,On Sale
Magnetic Windshield Cover,,CJQCWBQC00003-L,L,CN,"7/20/2026, 8:42:32 PM",230*190*20,160,181,Yes,On Sale
Magnetic Windshield Cover,,CJQCWBQC00003-XL,XL,CN,"7/20/2026, 8:42:32 PM",230*190*20,191,201,Yes,On Sale
Foam Spray Gun High Pressure Automotive Foam Spray Gun Household Cleaner Generator,,CJQCGJXC00014-Accessory 4piece set,Accessory 4piece set,CN,"7/20/2026, 10:11:43 PM",150*100*40,101,150,Yes,On Sale
Foam Spray Gun High Pressure Automotive Foam Spray Gun Household Cleaner Generator,,CJQCGJXC00014-Black4PCS,Black4PCS,CN,"7/20/2026, 10:11:43 PM",220*190*240,994,1024,Yes,On Sale
Foam Spray Gun High Pressure Automotive Foam Spray Gun Household Cleaner Generator,,CJQCGJXC00014-Green4PCS,Green4PCS,CN,"7/20/2026, 10:11:43 PM",220*190*240,962,992,Yes,On Sale
Foam Spray Gun High Pressure Automotive Foam Spray Gun Household Cleaner Generator,,CJQCGJXC00014-Black2PCS,Black2PCS,CN,"7/20/2026, 10:11:43 PM",220*190*120,482,512,Yes,On Sale
Foam Spray Gun High Pressure Automotive Foam Spray Gun Household Cleaner Generator,,CJQCGJXC00014-Green2PCS,Green2PCS,CN,"7/20/2026, 10:11:43 PM",220*190*120,466,496,Yes,On Sale
Foam Spray Gun High Pressure Automotive Foam Spray Gun Household Cleaner Generator,,CJQCGJXC00014-Combination,Combination,CN,"7/20/2026, 10:11:43 PM",420*290*100,387,417,Yes,On Sale
Foam Spray Gun High Pressure Automotive Foam Spray Gun Household Cleaner Generator,,CJQCGJXC00014-Plastic cup,Plastic cup,CN,"7/20/2026, 10:11:43 PM",67*67*117,43,59,Yes,On Sale
Foam Spray Gun High Pressure Automotive Foam Spray Gun Household Cleaner Generator,,CJQCGJXC00014-2PC Yellow,2PC Yellow,CN,"7/20/2026, 10:11:43 PM",220*190*120,474,504,Yes,On Sale
Foam Spray Gun High Pressure Automotive Foam Spray Gun Household Cleaner Generator,,CJQCGJXC00014-3PC Yellow,3PC Yellow,CN,"7/20/2026, 10:11:43 PM",220*190*180,726,756,Yes,On Sale
Foam Spray Gun High Pressure Automotive Foam Spray Gun Household Cleaner Generator,,CJQCGJXC00014-4PC Yellow,4PC Yellow,CN,"7/20/2026, 10:11:43 PM",220*190*240,978,1008,Yes,On Sale
Foam Spray Gun High Pressure Automotive Foam Spray Gun Household Cleaner Generator,,CJQCGJXC00014-3PC Black,3PC Black,CN,"7/20/2026, 10:11:43 PM",220*190*180,738,768,Yes,On Sale
Foam Spray Gun High Pressure Automotive Foam Spray Gun Household Cleaner Generator,,CJQCGJXC00014-3PC Green,3PC Green,CN,"7/20/2026, 10:11:43 PM",220*190*180,714,744,Yes,On Sale
Foam Spray Gun High Pressure Automotive Foam Spray Gun Household Cleaner Generator,,CJQCGJXC00014-Set,Set,CN,"7/20/2026, 10:11:43 PM",220*190*180,726,756,Yes,On Sale
Foam Spray Gun High Pressure Automotive Foam Spray Gun Household Cleaner Generator,,CJQCGJXC00014-Set1,Set1,CN,"7/20/2026, 10:11:43 PM",220*190*100,383,413,Yes,On Sale
Foam Spray Gun High Pressure Automotive Foam Spray Gun Household Cleaner Generator,,CJQCGJXC00014-Set2,Set2,CN,"7/20/2026, 10:11:43 PM",220*190*100,379,409,Yes,On Sale
Foam Spray Gun High Pressure Automotive Foam Spray Gun Household Cleaner Generator,,CJQCGJXC00014-1Style,1Style,CN,"7/20/2026, 10:11:43 PM",300*220*70,1420,1443,Yes,On Sale
Foam Spray Gun High Pressure Automotive Foam Spray Gun Household Cleaner Generator,,CJQCGJXC00014-2Style,2Style,CN,"7/20/2026, 10:11:43 PM",300*220*70,900,920,Yes,On Sale
Foam Spray Gun High Pressure Automotive Foam Spray Gun Household Cleaner Generator,,CJQCGJXC00014-3Style,3Style,CN,"7/20/2026, 10:11:43 PM",300*220*70,2469,2489,Yes,On Sale
Foam Spray Gun High Pressure Automotive Foam Spray Gun Household Cleaner Generator,,CJQCGJXC00014-4Style,4Style,CN,"7/20/2026, 10:11:43 PM",300*220*70,1100,1120,Yes,On Sale
Foam Spray Gun High Pressure Automotive Foam Spray Gun Household Cleaner Generator,,CJQCGJXC00014-5Style,5Style,CN,"7/20/2026, 10:11:43 PM",300*220*70,800,820,Yes,On Sale
Foam Spray Gun High Pressure Automotive Foam Spray Gun Household Cleaner Generator,,CJQCGJXC00014-6Style,6Style,CN,"7/20/2026, 10:11:43 PM",300*220*70,1980,2178,Yes,On Sale
Foam Spray Gun High Pressure Automotive Foam Spray Gun Household Cleaner Generator,,CJQCGJXC00014-7Style,7Style,CN,"7/20/2026, 10:11:43 PM",300*220*70,1000,1020,Yes,On Sale
Foam Spray Gun High Pressure Automotive Foam Spray Gun Household Cleaner Generator,,CJQCGJXC00014-8Style,8Style,CN,"7/20/2026, 10:11:43 PM",300*220*70,1100,1120,Yes,On Sale
Foam Spray Gun High Pressure Automotive Foam Spray Gun Household Cleaner Generator,,CJQCGJXC00014-9Style,9Style,CN,"7/20/2026, 10:11:43 PM",300*220*70,800,820,Yes,On Sale
Foam Spray Gun High Pressure Automotive Foam Spray Gun Household Cleaner Generator,,CJQCGJXC00014-10Style,10Style,CN,"7/20/2026, 10:11:43 PM",300*220*70,1992,2012,Yes,On Sale
Foam Spray Gun High Pressure Automotive Foam Spray Gun Household Cleaner Generator,,CJQCGJXC00014-11Style,11Style,CN,"7/20/2026, 10:11:43 PM",300*220*70,2477,2497,Yes,On Sale
Foam Spray Gun High Pressure Automotive Foam Spray Gun Household Cleaner Generator,,CJQCGJXC00014-12Style,12Style,CN,"7/20/2026, 10:11:43 PM",300*220*70,2597,2857,Yes,On Sale
Foam Spray Gun High Pressure Automotive Foam Spray Gun Household Cleaner Generator,,CJQCGJXC00014-Green set,Green set,CN,"7/20/2026, 10:11:43 PM",220*190*60,354,384,Yes,On Sale
Foam Spray Gun High Pressure Automotive Foam Spray Gun Household Cleaner Generator,,CJQCGJXC00014-Yellow set,Yellow set,CN,"7/20/2026, 10:11:43 PM",220*190*60,358,388,Yes,On Sale
Foam Spray Gun High Pressure Automotive Foam Spray Gun Household Cleaner Generator,,CJQCGJXC00014-Yellow set A,Yellow set A,CN,"7/20/2026, 10:11:43 PM",220*190*60,383,413,Yes,On Sale
Foam Spray Gun High Pressure Automotive Foam Spray Gun Household Cleaner Generator,,CJQCGJXC00014-Green set A,Green set A,CN,"7/20/2026, 10:11:43 PM",220*190*60,379,409,Yes,On Sale
Foam Spray Gun High Pressure Automotive Foam Spray Gun Household Cleaner Generator,,CJQCGJXC00014-Blackset,Blackset,CN,"7/20/2026, 10:11:43 PM",300*220*70,362,392,Yes,On Sale
Foam Spray Gun High Pressure Automotive Foam Spray Gun Household Cleaner Generator,,CJQCGJXC00014-Black,Black,CN,"7/20/2026, 10:11:43 PM",220*190*60,223,270,Yes,On Sale
Foam Spray Gun High Pressure Automotive Foam Spray Gun Household Cleaner Generator,,CJQCGJXC00014-Green,Green,CN,"7/20/2026, 10:11:43 PM",220*190*60,231,255,Yes,On Sale
Foam Spray Gun High Pressure Automotive Foam Spray Gun Household Cleaner Generator,,CJQCGJXC00014-Yellow,Yellow,CN,"7/20/2026, 10:11:43 PM",220*190*60,243,255,Yes,On Sale
Car headrest pillow Sleep Adjustable Side Car Soft Travel Seat Headrest Auto Leather Support Neck Pillow Cushion car accessories,,CJQCQCQC00615-Black Leather,Black Leather,CN,"7/20/2026, 7:47:48 PM",240*195*85,696,1460,Yes,On Sale
Car headrest pillow Sleep Adjustable Side Car Soft Travel Seat Headrest Auto Leather Support Neck Pillow Cushion car accessories,,CJQCQCQC00615-Beige Leather,Beige Leather,CN,"7/20/2026, 7:47:48 PM",240*195*85,692,1460,Yes,On Sale
Car headrest pillow Sleep Adjustable Side Car Soft Travel Seat Headrest Auto Leather Support Neck Pillow Cushion car accessories,,CJQCQCQC00615-Coffee Leather,Coffee Leather,CN,"7/20/2026, 7:47:48 PM",240*195*85,650,1460,Yes,On Sale
Car headrest pillow Sleep Adjustable Side Car Soft Travel Seat Headrest Auto Leather Support Neck Pillow Cushion car accessories,,CJQCQCQC00615-Brown Leather,Brown Leather,CN,"7/20/2026, 7:47:48 PM",240*195*85,650,1460,Yes,On Sale
Car headrest pillow Sleep Adjustable Side Car Soft Travel Seat Headrest Auto Leather Support Neck Pillow Cushion car accessories,,CJQCQCQC00615-Black red Leather,Black red Leather,CN,"7/20/2026, 7:47:48 PM",240*195*85,687,1460,Yes,On Sale
Car headrest pillow Sleep Adjustable Side Car Soft Travel Seat Headrest Auto Leather Support Neck Pillow Cushion car accessories,,CJQCQCQC00615-Brown,Brown,CN,"7/20/2026, 7:47:48 PM",240*195*85,650,1460,Yes,On Sale
Car headrest pillow Sleep Adjustable Side Car Soft Travel Seat Headrest Auto Leather Support Neck Pillow Cushion car accessories,,CJQCQCQC00615-Beige 2pcs,Beige 2pcs,CN,"7/20/2026, 7:47:48 PM",240*195*85,2404,2434,Yes,On Sale
Car headrest pillow Sleep Adjustable Side Car Soft Travel Seat Headrest Auto Leather Support Neck Pillow Cushion car accessories,,CJQCQCQC00615-Beige Leather 2pcs,Beige Leather 2pcs,CN,"7/20/2026, 7:47:48 PM",240*195*85,2430,2460,Yes,On Sale
Car headrest pillow Sleep Adjustable Side Car Soft Travel Seat Headrest Auto Leather Support Neck Pillow Cushion car accessories,,CJQCQCQC00615-Beige white 2pcs,Beige white 2pcs,CN,"7/20/2026, 7:47:48 PM",240*195*85,2404,2434,Yes,On Sale
Car headrest pillow Sleep Adjustable Side Car Soft Travel Seat Headrest Auto Leather Support Neck Pillow Cushion car accessories,,CJQCQCQC00615-Black 2pcs,Black 2pcs,CN,"7/20/2026, 7:47:48 PM",240*195*85,2424,2454,Yes,On Sale
Car headrest pillow Sleep Adjustable Side Car Soft Travel Seat Headrest Auto Leather Support Neck Pillow Cushion car accessories,,CJQCQCQC00615-Black Leather 2pcs,Black Leather 2pcs,CN,"7/20/2026, 7:47:48 PM",240*195*85,2432,2462,Yes,On Sale
Car headrest pillow Sleep Adjustable Side Car Soft Travel Seat Headrest Auto Leather Support Neck Pillow Cushion car accessories,,CJQCQCQC00615-Black red 2pcs,Black red 2pcs,CN,"7/20/2026, 7:47:48 PM",240*195*85,2404,2434,Yes,On Sale
Car headrest pillow Sleep Adjustable Side Car Soft Travel Seat Headrest Auto Leather Support Neck Pillow Cushion car accessories,,CJQCQCQC00615-Black red Leather 2pcs,Black red Leather 2pcs,CN,"7/20/2026, 7:47:48 PM",240*195*85,2428,2458,Yes,On Sale
Car headrest pillow Sleep Adjustable Side Car Soft Travel Seat Headrest Auto Leather Support Neck Pillow Cushion car accessories,,CJQCQCQC00615-Brown 2pcs,Brown 2pcs,CN,"7/20/2026, 7:47:48 PM",240*195*85,2404,2434,Yes,On Sale
Car headrest pillow Sleep Adjustable Side Car Soft Travel Seat Headrest Auto Leather Support Neck Pillow Cushion car accessories,,CJQCQCQC00615-Brown Leather 2pcs,Brown Leather 2pcs,CN,"7/20/2026, 7:47:48 PM",240*195*85,2404,2434,Yes,On Sale
Car headrest pillow Sleep Adjustable Side Car Soft Travel Seat Headrest Auto Leather Support Neck Pillow Cushion car accessories,,CJQCQCQC00615-Coffee 2pcs,Coffee 2pcs,CN,"7/20/2026, 7:47:48 PM",240*195*85,2404,2434,Yes,On Sale
Car headrest pillow Sleep Adjustable Side Car Soft Travel Seat Headrest Auto Leather Support Neck Pillow Cushion car accessories,,CJQCQCQC00615-Coffee Leather 2pcs,Coffee Leather 2pcs,CN,"7/20/2026, 7:47:48 PM",240*195*85,2404,2434,Yes,On Sale
Car headrest pillow Sleep Adjustable Side Car Soft Travel Seat Headrest Auto Leather Support Neck Pillow Cushion car accessories,,CJQCQCQC00615-Grey 2pcs,Grey 2pcs,CN,"7/20/2026, 7:47:48 PM",240*195*85,2404,2434,Yes,On Sale
Car headrest pillow Sleep Adjustable Side Car Soft Travel Seat Headrest Auto Leather Support Neck Pillow Cushion car accessories,,CJQCQCQC00615-Grey,Grey,CN,"7/20/2026, 7:47:48 PM",240*195*85,650,1460,Yes,On Sale
Car headrest pillow Sleep Adjustable Side Car Soft Travel Seat Headrest Auto Leather Support Neck Pillow Cushion car accessories,,CJQCQCQC00615-Beige white,Beige white,CN,"7/20/2026, 7:47:48 PM",240*195*85,650,1460,Yes,On Sale
Car headrest pillow Sleep Adjustable Side Car Soft Travel Seat Headrest Auto Leather Support Neck Pillow Cushion car accessories,,CJQCQCQC00615-Black red,Black red,CN,"7/20/2026, 7:47:48 PM",240*195*85,650,1460,Yes,On Sale
Car headrest pillow Sleep Adjustable Side Car Soft Travel Seat Headrest Auto Leather Support Neck Pillow Cushion car accessories,,CJQCQCQC00615-Black,Black,CN,"7/20/2026, 7:47:48 PM",240*195*85,681,1460,Yes,On Sale
Car headrest pillow Sleep Adjustable Side Car Soft Travel Seat Headrest Auto Leather Support Neck Pillow Cushion car accessories,,CJQCQCQC00615-Coffee,Coffee,CN,"7/20/2026, 7:47:48 PM",240*195*85,650,1460,Yes,On Sale
Car headrest pillow Sleep Adjustable Side Car Soft Travel Seat Headrest Auto Leather Support Neck Pillow Cushion car accessories,,CJQCQCQC00615-Beige,Beige,CN,"7/20/2026, 7:47:48 PM",240*195*85,650,1460,Yes,On Sale
Car Aromatherapy Diffuser Cloud Mist Air Freshener Auto Decoration Natural Fragrance Auto Decoration Tool For RVs Trucks Sedans,,CJYD219083401AZ,Fragrant Osmanthus And Orchid/1PCS,CN,"7/20/2026, 1:43:17 PM",85*85*162,296,320,Yes,On Sale
Car Aromatherapy Diffuser Cloud Mist Air Freshener Auto Decoration Natural Fragrance Auto Decoration Tool For RVs Trucks Sedans,,CJYD219083402BY,Clear Cherry/1PCS,CN,"7/20/2026, 1:43:17 PM",85*85*162,316,320,Yes,On Sale
Car Aromatherapy Diffuser Cloud Mist Air Freshener Auto Decoration Natural Fragrance Auto Decoration Tool For RVs Trucks Sedans,,CJYD219083403CX,Mountain And Sea Secret Land/1PCS,CN,"7/20/2026, 1:43:17 PM",85*85*162,295,320,Yes,On Sale
Car Aromatherapy Diffuser Cloud Mist Air Freshener Auto Decoration Natural Fragrance Auto Decoration Tool For RVs Trucks Sedans,,CJYD219083404DW,Snow Top/1PCS,CN,"7/20/2026, 1:43:17 PM",85*85*162,293,320,Yes,On Sale
Car Aromatherapy Diffuser Cloud Mist Air Freshener Auto Decoration Natural Fragrance Auto Decoration Tool For RVs Trucks Sedans,,CJYD219083405EV,Cloud Top Incense/1PCS,CN,"7/20/2026, 1:43:17 PM",85*85*162,291,320,Yes,On Sale
Car Aromatherapy Diffuser Cloud Mist Air Freshener Auto Decoration Natural Fragrance Auto Decoration Tool For RVs Trucks Sedans,,CJYD219083406FU,Shanhai Secret Realm/1PCS,CN,"7/20/2026, 1:43:17 PM",85*85*162,120,140,Yes,On Sale
Car Aromatherapy Diffuser Cloud Mist Air Freshener Auto Decoration Natural Fragrance Auto Decoration Tool For RVs Trucks Sedans,,CJYD219083407GT,Yunding Mingxiang/1PCS,CN,"7/20/2026, 1:43:17 PM",85*85*162,120,140,Yes,On Sale
Car Aromatherapy Diffuser Cloud Mist Air Freshener Auto Decoration Natural Fragrance Auto Decoration Tool For RVs Trucks Sedans,,CJYD219083408HS,The Peak of Snowy Land/1PCS,CN,"7/20/2026, 1:43:17 PM",85*85*162,120,140,Yes,On Sale
Car Aromatherapy Diffuser Cloud Mist Air Freshener Auto Decoration Natural Fragrance Auto Decoration Tool For RVs Trucks Sedans,,CJYD219083409IR,Qingying Weiyang/1PCS,CN,"7/20/2026, 1:43:17 PM",85*85*162,120,140,Yes,On Sale
Car Aromatherapy Diffuser Cloud Mist Air Freshener Auto Decoration Natural Fragrance Auto Decoration Tool For RVs Trucks Sedans,,CJYD219083410JQ,Guifu Lanxiang/1PCS,CN,"7/20/2026, 1:43:17 PM",85*85*162,120,140,Yes,On Sale
Car Aromatherapy Diffuser Cloud Mist Air Freshener Auto Decoration Natural Fragrance Auto Decoration Tool For RVs Trucks Sedans,,CJYD219083414NM,Guifu Lanxiang/2PCS,CN,"7/20/2026, 1:43:17 PM",200*100*100,238,268,Yes,On Sale
Car Aromatherapy Diffuser Cloud Mist Air Freshener Auto Decoration Natural Fragrance Auto Decoration Tool For RVs Trucks Sedans,,CJYD219083416PK,Qingying Weiyang/2PCS,CN,"7/20/2026, 1:43:17 PM",200*100*100,238,268,Yes,On Sale
Car Aromatherapy Diffuser Cloud Mist Air Freshener Auto Decoration Natural Fragrance Auto Decoration Tool For RVs Trucks Sedans,,CJYD219083417QJ,Shanhai Secret Realm/2PCS,CN,"7/20/2026, 1:43:17 PM",200*100*100,238,268,Yes,On Sale
Car Aromatherapy Diffuser Cloud Mist Air Freshener Auto Decoration Natural Fragrance Auto Decoration Tool For RVs Trucks Sedans,,CJYD219083419SH,The Peak of Snowy Land/2PCS,CN,"7/20/2026, 1:43:17 PM",200*100*100,238,268,Yes,On Sale
Car Aromatherapy Diffuser Cloud Mist Air Freshener Auto Decoration Natural Fragrance Auto Decoration Tool For RVs Trucks Sedans,,CJYD219083420TG,Yunding Mingxiang/2PCS,CN,"7/20/2026, 1:43:17 PM",200*100*100,238,268,Yes,On Sale
Car Aromatherapy Diffuser Cloud Mist Air Freshener Auto Decoration Natural Fragrance Auto Decoration Tool For RVs Trucks Sedans,,CJYD219083422VE,Set1/2PCS,CN,"7/20/2026, 1:43:17 PM",200*100*100,238,268,Yes,On Sale
Car Aromatherapy Diffuser Cloud Mist Air Freshener Auto Decoration Natural Fragrance Auto Decoration Tool For RVs Trucks Sedans,,CJYD219083424XC,Set2/2PCS,CN,"7/20/2026, 1:43:17 PM",200*100*100,238,268,Yes,On Sale
Car Aromatherapy Diffuser Cloud Mist Air Freshener Auto Decoration Natural Fragrance Auto Decoration Tool For RVs Trucks Sedans,,CJYD219083426ZA,Set3/2PCS,CN,"7/20/2026, 1:43:17 PM",200*100*100,238,268,Yes,On Sale
Car Aromatherapy Diffuser Cloud Mist Air Freshener Auto Decoration Natural Fragrance Auto Decoration Tool For RVs Trucks Sedans,,CJYD219083428BY,Set4/2PCS,CN,"7/20/2026, 1:43:17 PM",200*100*100,238,268,Yes,On Sale
Car Aromatherapy Diffuser Cloud Mist Air Freshener Auto Decoration Natural Fragrance Auto Decoration Tool For RVs Trucks Sedans,,CJYD219083430DW,Set5/2PCS,CN,"7/20/2026, 1:43:17 PM",200*100*100,238,268,Yes,On Sale
Car Aromatherapy Diffuser Cloud Mist Air Freshener Auto Decoration Natural Fragrance Auto Decoration Tool For RVs Trucks Sedans,,CJYD219083432FU,Set6/2PCS,CN,"7/20/2026, 1:43:17 PM",200*100*100,238,268,Yes,On Sale
Car Aromatherapy Diffuser Cloud Mist Air Freshener Auto Decoration Natural Fragrance Auto Decoration Tool For RVs Trucks Sedans,,CJYD219083434HS,Set7/2PCS,CN,"7/20/2026, 1:43:17 PM",200*100*100,238,268,Yes,On Sale
Car Aromatherapy Diffuser Cloud Mist Air Freshener Auto Decoration Natural Fragrance Auto Decoration Tool For RVs Trucks Sedans,,CJYD219083436JQ,Set8/2PCS,CN,"7/20/2026, 1:43:17 PM",200*100*100,238,268,Yes,On Sale
Car Aromatherapy Diffuser Cloud Mist Air Freshener Auto Decoration Natural Fragrance Auto Decoration Tool For RVs Trucks Sedans,,CJYD219083438LO,Set9/2PCS,CN,"7/20/2026, 1:43:17 PM",200*100*100,238,268,Yes,On Sale
Car Aromatherapy Diffuser Cloud Mist Air Freshener Auto Decoration Natural Fragrance Auto Decoration Tool For RVs Trucks Sedans,,CJYD219083440NM,Set10/2PCS,CN,"7/20/2026, 1:43:17 PM",200*100*100,240,280,Yes,On Sale
Foldable Car Windshield Sun Shade Umbrella UV Protection Heat Insulation Parasol Auto Front Window Cover Interior Protector Summer Gadgets,,CJQT123821501AZ,Titanium silver/Small,CN,"7/20/2026, 9:21:01 PM",380*380*70,370,420,Yes,On Sale
Foldable Car Windshield Sun Shade Umbrella UV Protection Heat Insulation Parasol Auto Front Window Cover Interior Protector Summer Gadgets,,CJQT123821502BY,Titanium silver/Large,CN,"7/20/2026, 9:21:01 PM",380*380*70,296,476,Yes,On Sale
Foldable Car Windshield Sun Shade Umbrella UV Protection Heat Insulation Parasol Auto Front Window Cover Interior Protector Summer Gadgets,,CJQT123821503CX,Coated silver/Small,CN,"7/20/2026, 9:21:01 PM",380*380*70,372,398,Yes,On Sale
Foldable Car Windshield Sun Shade Umbrella UV Protection Heat Insulation Parasol Auto Front Window Cover Interior Protector Summer Gadgets,,CJQT123821504DW,Coated silver/Large,CN,"7/20/2026, 9:21:01 PM",380*380*70,345,400,Yes,On Sale
Foldable Car Windshield Sun Shade Umbrella UV Protection Heat Insulation Parasol Auto Front Window Cover Interior Protector Summer Gadgets,,CJQT123821507GT,Coated silver/Large with 2pcs mesh,CN,"7/20/2026, 9:21:01 PM",380*380*70,480,500,Yes,On Sale
Foldable Car Windshield Sun Shade Umbrella UV Protection Heat Insulation Parasol Auto Front Window Cover Interior Protector Summer Gadgets,,CJQT123821508HS,Coated silver/Small with 2pcs mesh,CN,"7/20/2026, 9:21:01 PM",380*380*70,410,430,Yes,On Sale
Foldable Car Windshield Sun Shade Umbrella UV Protection Heat Insulation Parasol Auto Front Window Cover Interior Protector Summer Gadgets,,CJQT123821509IR,Coated silver/Large with 4pcs mesh,CN,"7/20/2026, 9:21:01 PM",380*380*70,580,600,Yes,On Sale
Foldable Car Windshield Sun Shade Umbrella UV Protection Heat Insulation Parasol Auto Front Window Cover Interior Protector Summer Gadgets,,CJQT123821510JQ,Coated silver/Small with 4pcs mesh,CN,"7/20/2026, 9:21:01 PM",380*380*70,510,530,Yes,On Sale
Foldable Car Windshield Sun Shade Umbrella UV Protection Heat Insulation Parasol Auto Front Window Cover Interior Protector Summer Gadgets,,CJQT123821513MN,Titanium silver/Open Large,CN,"7/20/2026, 9:21:01 PM",380*380*70,343,450,Yes,On Sale
Foldable Car Windshield Sun Shade Umbrella UV Protection Heat Insulation Parasol Auto Front Window Cover Interior Protector Summer Gadgets,,CJQT123821514NM,Titanium silver/Open Small,CN,"7/20/2026, 9:21:01 PM",380*380*70,368,420,Yes,On Sale
Foldable Car Windshield Sun Shade Umbrella UV Protection Heat Insulation Parasol Auto Front Window Cover Interior Protector Summer Gadgets,,CJQT123821515OL,Titanium silver/Curved handle Large,CN,"7/20/2026, 9:21:01 PM",380*380*70,415,450,Yes,On Sale
Foldable Car Windshield Sun Shade Umbrella UV Protection Heat Insulation Parasol Auto Front Window Cover Interior Protector Summer Gadgets,,CJQT123821516PK,Titanium silver/Curved handle Small,CN,"7/20/2026, 9:21:01 PM",380*380*70,400,420,Yes,On Sale
Foldable Car Windshield Sun Shade Umbrella UV Protection Heat Insulation Parasol Auto Front Window Cover Interior Protector Summer Gadgets,,CJQT123821517QJ,Titanium silver/Large with 2pcs mesh,CN,"7/20/2026, 9:21:01 PM",380*380*70,530,550,Yes,On Sale
Foldable Car Windshield Sun Shade Umbrella UV Protection Heat Insulation Parasol Auto Front Window Cover Interior Protector Summer Gadgets,,CJQT123821518RI,Titanium silver/Small with 2pcs mesh,CN,"7/20/2026, 9:21:01 PM",380*380*70,500,520,Yes,On Sale
Foldable Car Windshield Sun Shade Umbrella UV Protection Heat Insulation Parasol Auto Front Window Cover Interior Protector Summer Gadgets,,CJQT123821519SH,Titanium silver/Large with 4pcs mesh,CN,"7/20/2026, 9:21:01 PM",380*380*70,630,650,Yes,On Sale
Foldable Car Windshield Sun Shade Umbrella UV Protection Heat Insulation Parasol Auto Front Window Cover Interior Protector Summer Gadgets,,CJQT123821520TG,Titanium silver/Small with 4pcs mesh,CN,"7/20/2026, 9:21:01 PM",380*380*70,600,620,Yes,On Sale
Foldable Car Windshield Sun Shade Umbrella UV Protection Heat Insulation Parasol Auto Front Window Cover Interior Protector Summer Gadgets,,CJQT123821511KP,Coated silver/Set,CN,"7/20/2026, 9:21:01 PM",380*380*140,745,775,Yes,On Sale
Foldable Car Cup Holder Drinking Bottle Holder Cup Stand Bracket Sunglasses Phone Organizer Stowing Tidying Car Styling,,CJQCWBQT00326-default,Default,CN,"7/20/2026, 8:09:54 PM",186*66*85,350,350,No,On Sale
Two-color Couble-sided Car Dual-use Cleaning Car Wash Towel,,CJQCWBQT00017-2pc 30x30,2pc 30x30,CN,"7/20/2026, 9:46:09 PM",100*100*100,149,170,Yes,On Sale
Two-color Couble-sided Car Dual-use Cleaning Car Wash Towel,,CJQCWBQT00017-3pcs 30x30,3pcs 30x30,CN,"7/20/2026, 9:46:09 PM",100*100*100,183,213,Yes,On Sale
Two-color Couble-sided Car Dual-use Cleaning Car Wash Towel,,CJQCWBQT00017-5pcs 30x30,5pcs 30x30,CN,"7/20/2026, 9:46:09 PM",100*100*100,325,355,Yes,On Sale
Two-color Couble-sided Car Dual-use Cleaning Car Wash Towel,,CJQCWBQT00017-10pcs 30x30,10pcs 30x30,CN,"7/20/2026, 9:46:09 PM",150*150*150,680,710,Yes,On Sale
Two-color Couble-sided Car Dual-use Cleaning Car Wash Towel,,CJQCWBQT00017-3pc Yellow grey,3pc Yellow grey,CN,"7/20/2026, 9:46:09 PM",100*100*100,339,369,Yes,On Sale
Two-color Couble-sided Car Dual-use Cleaning Car Wash Towel,,CJQCWBQT00017-2pc 40x45,2pc 40x45,CN,"7/20/2026, 9:46:09 PM",100*100*100,271,320,Yes,On Sale
Two-color Couble-sided Car Dual-use Cleaning Car Wash Towel,,CJQCWBQT00017-38x45,38x45,CN,"7/20/2026, 9:46:09 PM",100*100*100,137,163,Yes,On Sale
Two-color Couble-sided Car Dual-use Cleaning Car Wash Towel,,CJQCWBQT00017-Blue 30x40,Blue 30x40,CN,"7/20/2026, 9:46:09 PM",100*100*100,49,100,Yes,On Sale
Two-color Couble-sided Car Dual-use Cleaning Car Wash Towel,,CJQCWBQT00017-2pc Green 30x40,2pc Green 30x40,CN,"7/20/2026, 9:46:09 PM",100*100*100,149,200,Yes,On Sale
Two-color Couble-sided Car Dual-use Cleaning Car Wash Towel,,CJQCWBQT00017-2pc 38x45,2pc 38x45,CN,"7/20/2026, 9:46:09 PM",100*100*100,99,109,Yes,On Sale
Two-color Couble-sided Car Dual-use Cleaning Car Wash Towel,,CJQCWBQT00017-3PCx2,3PCx2,CN,"7/20/2026, 9:46:09 PM",100*100*100,708,738,Yes,On Sale
Two-color Couble-sided Car Dual-use Cleaning Car Wash Towel,,CJQCWBQT00017-Green 30x40,Green 30x40,CN,"7/20/2026, 9:46:09 PM",100*100*100,60,100,Yes,On Sale
Two-color Couble-sided Car Dual-use Cleaning Car Wash Towel,,CJQCWBQT00017-3pc 30x40cm,3pc 30x40cm,CN,"7/20/2026, 9:46:09 PM",100*100*100,232,262,Yes,On Sale
Two-color Couble-sided Car Dual-use Cleaning Car Wash Towel,,CJQCWBQT00017-40x45,40x45,CN,"7/20/2026, 9:46:09 PM",100*100*100,105,160,Yes,On Sale
Two-color Couble-sided Car Dual-use Cleaning Car Wash Towel,,CJQCWBQT00017-30x60,30x60,CN,"7/20/2026, 9:46:09 PM",100*100*100,73,163,Yes,On Sale
Two-color Couble-sided Car Dual-use Cleaning Car Wash Towel,,CJQCWBQT00017-2pc 30x60,2pc 30x60,CN,"7/20/2026, 9:46:09 PM",100*100*100,293,313,Yes,On Sale
Two-color Couble-sided Car Dual-use Cleaning Car Wash Towel,,CJQCWBQT00017-30x30,30x30,CN,"7/20/2026, 9:46:09 PM",100*100*100,38,85,Yes,On Sale
Two-color Couble-sided Car Dual-use Cleaning Car Wash Towel,,CJQCWBQT00017-2pc 30x40,2pc 30x40,CN,"7/20/2026, 9:46:09 PM",100*100*100,132,200,Yes,On Sale
Two-color Couble-sided Car Dual-use Cleaning Car Wash Towel,,CJQCWBQT00017-30x40,30x40,CN,"7/20/2026, 9:46:09 PM",100*100*100,62,100,Yes,On Sale
Two-color Couble-sided Car Dual-use Cleaning Car Wash Towel,,CJQCWBQT00017-2pc Blue 30x40,2pc Blue 30x40,CN,"7/20/2026, 9:46:09 PM",100*100*100,152,200,Yes,On Sale
Car Bluetooth Mp3 Car FM Transmitter Car Bluetooth Mp3 Player Card,,CJQC100158901AZ,Silver/Car Power,CN,"7/20/2026, 9:23:31 PM",140*54*108,162,200,Yes,On Sale
Car Accessories For Women's Aromatherapy Car Interior Accessories,,CJQT114149901AZ,A,CN,"7/20/2026, 8:47:06 PM",200*100*60,100,120,Yes,On Sale
Car Accessories For Women's Aromatherapy Car Interior Accessories,,CJQT114149902BY,B,CN,"7/20/2026, 8:47:06 PM",200*100*60,100,120,Yes,On Sale
Car Accessories For Women's Aromatherapy Car Interior Accessories,,CJQT114149903CX,C,CN,"7/20/2026, 8:47:06 PM",400*400*50,650,670,Yes,On Sale
Car Accessories For Women's Aromatherapy Car Interior Accessories,,CJQT114149904DW,D,CN,"7/20/2026, 8:47:06 PM",200*100*60,300,320,Yes,On Sale
Car Accessories For Women's Aromatherapy Car Interior Accessories,,CJQT114149905EV,E,CN,"7/20/2026, 8:47:06 PM",200*100*60,400,420,Yes,On Sale
Car Accessories For Women's Aromatherapy Car Interior Accessories,,CJQT114149906FU,F,CN,"7/20/2026, 8:47:06 PM",200*100*60,200,220,Yes,On Sale
Car Accessories For Women's Aromatherapy Car Interior Accessories,,CJQT114149907GT,G,CN,"7/20/2026, 8:47:06 PM",200*100*60,100,120,Yes,On Sale
Car Accessories For Women's Aromatherapy Car Interior Accessories,,CJQT114149908HS,Set,CN,"7/20/2026, 8:47:06 PM",320*180*150,1918,1948,Yes,On Sale
Storage bags between seats,,CJQCQCQC01336-Star-S,Star/S,CN,"7/20/2026, 8:32:30 PM",240*180*30,250,270,Yes,On Sale
Storage bags between seats,,CJQCQCQC01336-Star-M,Star/M,CN,"7/20/2026, 8:32:30 PM",240*180*30,280,300,Yes,On Sale
Car Light Turn Signal Led Strip Car LED Daytime Running,,CJQCQCQC00624-Blue to Yellow-30cm,Blue to Yellow/30cm,CN,"7/20/2026, 8:55:13 PM",300*100*20,60,80,Yes,On Sale
Car Light Turn Signal Led Strip Car LED Daytime Running,,CJQCQCQC00624-White 2pcs-30cm,White 2pcs/30cm,CN,"7/20/2026, 8:55:13 PM",300*100*40,120,140,Yes,On Sale
Car Light Turn Signal Led Strip Car LED Daytime Running,,CJQCQCQC00624-Red to Yellow 2pcs-60cm,Red to Yellow 2pcs/60cm,CN,"7/20/2026, 8:55:13 PM",300*100*40,276,304,Yes,On Sale
Car Light Turn Signal Led Strip Car LED Daytime Running,,CJQCQCQC00624-White to Yellow 2pcs-60cm,White to Yellow 2pcs/60cm,CN,"7/20/2026, 8:55:13 PM",300*100*40,276,304,Yes,On Sale
Car Light Turn Signal Led Strip Car LED Daytime Running,,CJQCQCQC00624-Light Blue to Yellow-45cm,Light Blue to Yellow/45cm,CN,"7/20/2026, 8:55:13 PM",300*100*20,70,90,Yes,On Sale
Car Light Turn Signal Led Strip Car LED Daytime Running,,CJQCQCQC00624-Red to Yellow-30cm,Red to Yellow/30cm,CN,"7/20/2026, 8:55:13 PM",300*100*20,60,80,Yes,On Sale
Car Light Turn Signal Led Strip Car LED Daytime Running,,CJQCQCQC00624-White-45cm,White/45cm,CN,"7/20/2026, 8:55:13 PM",300*100*20,70,90,Yes,On Sale
Car Light Turn Signal Led Strip Car LED Daytime Running,,CJQCQCQC00624-Purple Yellow 2pcs-30cm,Purple Yellow 2pcs/30cm,CN,"7/20/2026, 8:55:13 PM",300*100*40,104,140,Yes,On Sale
Car Light Turn Signal Led Strip Car LED Daytime Running,,CJQCQCQC00624-White to Yellow 2pcs-45cm,White to Yellow 2pcs/45cm,CN,"7/20/2026, 8:55:13 PM",300*100*40,140,160,Yes,On Sale
Car Light Turn Signal Led Strip Car LED Daytime Running,,CJQCQCQC00624-Red to Yellow 2pcs-30cm,Red to Yellow 2pcs/30cm,CN,"7/20/2026, 8:55:13 PM",300*100*40,120,140,Yes,On Sale
Car Light Turn Signal Led Strip Car LED Daytime Running,,CJQCQCQC00624-Light Blue 2pcs-60cm,Light Blue 2pcs/60cm,CN,"7/20/2026, 8:55:13 PM",300*100*40,276,304,Yes,On Sale
Car Light Turn Signal Led Strip Car LED Daytime Running,,CJQCQCQC00624-Blue to Yellow 2pcs-30cm,Blue to Yellow 2pcs/30cm,CN,"7/20/2026, 8:55:13 PM",300*100*40,120,140,Yes,On Sale
Car Light Turn Signal Led Strip Car LED Daytime Running,,CJQCQCQC00624-Blue to Yellow 2pcs-60cm,Blue to Yellow 2pcs/60cm,CN,"7/20/2026, 8:55:13 PM",300*100*40,160,180,Yes,On Sale
Car Light Turn Signal Led Strip Car LED Daytime Running,,CJQCQCQC00624-Red to Yellow-60cm,Red to Yellow/60cm,CN,"7/20/2026, 8:55:13 PM",300*100*20,138,152,Yes,On Sale
Car Light Turn Signal Led Strip Car LED Daytime Running,,CJQCQCQC00624-Purple Yellow 2pcs-45cm,Purple Yellow 2pcs/45cm,CN,"7/20/2026, 8:55:13 PM",300*100*40,119,160,Yes,On Sale
Car Light Turn Signal Led Strip Car LED Daytime Running,,CJQCQCQC00624-Blue to Yellow-60cm,Blue to Yellow/60cm,CN,"7/20/2026, 8:55:13 PM",300*100*20,138,152,Yes,On Sale
Car Light Turn Signal Led Strip Car LED Daytime Running,,CJQCQCQC00624-Light Blue 2pcs-30cm,Light Blue 2pcs/30cm,CN,"7/20/2026, 8:55:13 PM",300*100*40,120,140,Yes,On Sale
Car Light Turn Signal Led Strip Car LED Daytime Running,,CJQCQCQC00624-Purple to Yellow-45cm,Purple to Yellow/45cm,CN,"7/20/2026, 8:55:13 PM",300*100*20,70,90,Yes,On Sale
Car Light Turn Signal Led Strip Car LED Daytime Running,,CJQCQCQC00624-White to Yellow-30cm,White to Yellow/30cm,CN,"7/20/2026, 8:55:13 PM",300*100*20,60,80,Yes,On Sale
Car Light Turn Signal Led Strip Car LED Daytime Running,,CJQCQCQC00624-White to Yellow-45cm,White to Yellow/45cm,CN,"7/20/2026, 8:55:13 PM",300*100*20,70,90,Yes,On Sale
Car Light Turn Signal Led Strip Car LED Daytime Running,,CJQCQCQC00624-Blue to Yellow-45cm,Blue to Yellow/45cm,CN,"7/20/2026, 8:55:13 PM",300*100*20,70,90,Yes,On Sale
Car Light Turn Signal Led Strip Car LED Daytime Running,,CJQCQCQC00624-Purple Yellow 2pcs-60cm,Purple Yellow 2pcs/60cm,CN,"7/20/2026, 8:55:13 PM",300*100*40,276,304,Yes,On Sale
Car Light Turn Signal Led Strip Car LED Daytime Running,,CJQCQCQC00624-White to Yellow 2pcs-30cm,White to Yellow 2pcs/30cm,CN,"7/20/2026, 8:55:13 PM",300*100*40,120,140,Yes,On Sale
Car Light Turn Signal Led Strip Car LED Daytime Running,,CJQCQCQC00624-Red to Yellow 2pcs-45cm,Red to Yellow 2pcs/45cm,CN,"7/20/2026, 8:55:13 PM",300*100*40,117,160,Yes,On Sale
Car Light Turn Signal Led Strip Car LED Daytime Running,,CJQCQCQC00624-Purple to Yellow-30cm,Purple to Yellow/30cm,CN,"7/20/2026, 8:55:13 PM",300*100*20,60,80,Yes,On Sale
Car Light Turn Signal Led Strip Car LED Daytime Running,,CJQCQCQC00624-Red to Yellow-45cm,Red to Yellow/45cm,CN,"7/20/2026, 8:55:13 PM",300*100*20,70,90,Yes,On Sale
Car Light Turn Signal Led Strip Car LED Daytime Running,,CJQCQCQC00624-Purple to Yellow-60cm,Purple to Yellow/60cm,CN,"7/20/2026, 8:55:13 PM",300*100*20,124,152,Yes,On Sale
Car Light Turn Signal Led Strip Car LED Daytime Running,,CJQCQCQC00624-White-60cm,White/60cm,CN,"7/20/2026, 8:55:13 PM",300*100*20,138,152,Yes,On Sale
Car Light Turn Signal Led Strip Car LED Daytime Running,,CJQCQCQC00624-Light Blue to Yellow-60cm,Light Blue to Yellow/60cm,CN,"7/20/2026, 8:55:13 PM",300*100*20,138,152,Yes,On Sale
Car Light Turn Signal Led Strip Car LED Daytime Running,,CJQCQCQC00624-White to Yellow-60cm,White to Yellow/60cm,CN,"7/20/2026, 8:55:13 PM",300*100*20,138,152,Yes,On Sale
Car Light Turn Signal Led Strip Car LED Daytime Running,,CJQCQCQC00624-White 2pcs-60cm,White 2pcs/60cm,CN,"7/20/2026, 8:55:13 PM",300*100*40,276,304,Yes,On Sale
Car Light Turn Signal Led Strip Car LED Daytime Running,,CJQCQCQC00624-White-30cm,White/30cm,CN,"7/20/2026, 8:55:13 PM",300*100*20,60,80,Yes,On Sale
Car Light Turn Signal Led Strip Car LED Daytime Running,,CJQCQCQC00624-White 2pcs-45cm,White 2pcs/45cm,CN,"7/20/2026, 8:55:13 PM",300*100*40,140,160,Yes,On Sale
Car Light Turn Signal Led Strip Car LED Daytime Running,,CJQCQCQC00624-Light Blue to Yellow-30cm,Light Blue to Yellow/30cm,CN,"7/20/2026, 8:55:13 PM",300*100*20,60,80,Yes,On Sale
Car Light Turn Signal Led Strip Car LED Daytime Running,,CJQCQCQC00624-Light Blue 2pcs-45cm,Light Blue 2pcs/45cm,CN,"7/20/2026, 8:55:13 PM",300*100*40,140,160,Yes,On Sale
Car Light Turn Signal Led Strip Car LED Daytime Running,,CJQCQCQC00624-Blue to Yellow 2pcs-45cm,Blue to Yellow 2pcs/45cm,CN,"7/20/2026, 8:55:13 PM",300*100*40,140,160,Yes,On Sale
Portable Windshield Defroster,,CJQCQCQC00199-Full black,Full black,CN,"7/20/2026, 2:35:20 AM",1*1*1,352,420,Yes,On Sale
Portable Windshield Defroster,,CJQCQCQC00199-Red black,Red black,CN,"7/20/2026, 2:35:20 AM",1*1*1,350,420,Yes,On Sale
Car Storage Bag Car Seat Back Pocket,,CJQCNBQC00188-Black,Black,CN,"7/20/2026, 2:10:32 PM",300*400*30,226,270,Yes,On Sale
Car Storage Bag Car Seat Back Pocket,,CJQCNBQC00188-2pcs Black,2pcs Black,CN,"7/20/2026, 2:10:32 PM",300*400*50,484,514,Yes,On Sale
Car polishing machine,,CJQCGJXC00015-Blue,Blue,CN,"7/20/2026, 2:06:08 PM",280*370*50,1447,1467,Yes,On Sale
High Power Wet and Dry Vacuum Cleaner Car Vacuum Cleaner Super Suction Haipa Handheld,,CJQCQCQC00060-Blue-100w,Blue/100w,CN,"7/20/2026, 8:06:54 PM",400*150*150,599,659,Yes,On Sale
High Power Wet and Dry Vacuum Cleaner Car Vacuum Cleaner Super Suction Haipa Handheld,,CJQCQCQC00060-Golden-100w,Golden/100w,CN,"7/20/2026, 8:06:54 PM",400*150*150,619,681,Yes,On Sale
High Power Wet and Dry Vacuum Cleaner Car Vacuum Cleaner Super Suction Haipa Handheld,,CJQCQCQC00060-Black-100w,Black/100w,CN,"7/20/2026, 8:06:54 PM",400*150*150,780,830,Yes,On Sale
Car Light,,CJQCQCQC00438-Q2PC,Q2PC,CN,"7/20/2026, 8:30:14 PM",180*230*160,128,158,Yes,On Sale
Car Light,,CJQCQCQC00438-Q1PC,Q1PC,CN,"7/20/2026, 8:30:14 PM",180*230*80,53,90,Yes,On Sale
Multifunctional car desk computer desk,,CJQCQCQC00603-Grey,Grey,CN,"7/20/2026, 10:44:57 PM",430*290*30,541,680,Yes,On Sale
Multifunctional car desk computer desk,,CJQCQCQC00603-Black,Black,CN,"7/20/2026, 10:44:57 PM",430*290*30,536,680,Yes,On Sale
Car Tracker Magnetic Mini Car Tracker GPS Real Time Tracking Locator Device Recordable Anti-lost Rechargeable Locator,,CJCZ109437001AZ,As shown,CN,"7/5/2026, 10:10:34 PM",110*80*40,59,70,Yes,On Sale
Car Tracker Magnetic Mini Car Tracker GPS Real Time Tracking Locator Device Recordable Anti-lost Rechargeable Locator,,CJCZ109437002BY,Set,CN,"7/5/2026, 10:10:34 PM",130*120*80,61,91,Yes,On Sale
Car Tracker Magnetic Mini Car Tracker GPS Real Time Tracking Locator Device Recordable Anti-lost Rechargeable Locator,,CJCZ109437003CX,A set,CN,"7/5/2026, 10:10:34 PM",130*120*80,61,91,Yes,On Sale
Car Tracker Magnetic Mini Car Tracker GPS Real Time Tracking Locator Device Recordable Anti-lost Rechargeable Locator,,CJCZ109437004DW,B set,CN,"7/5/2026, 10:10:34 PM",130*120*80,61,91,Yes,On Sale
Car Tracker Magnetic Mini Car Tracker GPS Real Time Tracking Locator Device Recordable Anti-lost Rechargeable Locator,,CJCZ109437005EV,2pcs B set,CN,"7/5/2026, 10:10:34 PM",130*130*130,152,182,Yes,On Sale
Car Tracker Magnetic Mini Car Tracker GPS Real Time Tracking Locator Device Recordable Anti-lost Rechargeable Locator,,CJCZ109437006FU,3pcs B set,CN,"7/5/2026, 10:10:34 PM",130*130*130,243,273,Yes,On Sale
Car Tracker Magnetic Mini Car Tracker GPS Real Time Tracking Locator Device Recordable Anti-lost Rechargeable Locator,,CJCZ109437007GT,4pcs B set,CN,"7/5/2026, 10:10:34 PM",130*130*130,334,364,Yes,On Sale
Car Tracker Magnetic Mini Car Tracker GPS Real Time Tracking Locator Device Recordable Anti-lost Rechargeable Locator,,CJCZ109437008HS,C Set,CN,"7/5/2026, 10:10:34 PM",200*180*80,145,175,Yes,On Sale
Car Tracker Magnetic Mini Car Tracker GPS Real Time Tracking Locator Device Recordable Anti-lost Rechargeable Locator,,CJCZ109437009IR,Set1,CN,"7/5/2026, 10:10:34 PM",130*130*130,628,658,Yes,On Sale
Car Tracker Magnetic Mini Car Tracker GPS Real Time Tracking Locator Device Recordable Anti-lost Rechargeable Locator,,CJCZ109437010JQ,Set2,CN,"7/5/2026, 10:10:34 PM",130*130*130,628,658,Yes,On Sale
Car Tracker Magnetic Mini Car Tracker GPS Real Time Tracking Locator Device Recordable Anti-lost Rechargeable Locator,,CJCZ109437011KP,Set3,CN,"7/5/2026, 10:10:34 PM",130*130*130,628,658,Yes,On Sale
7 IPS Car Smart Screen Wireless Carplay Auto Mobile Phone Projection Screen Navigation,,CJCZ172103501AZ,7inch Carplay,CN,"7/20/2026, 9:56:33 PM",210*138*100,741,790,Yes,On Sale
7 IPS Car Smart Screen Wireless Carplay Auto Mobile Phone Projection Screen Navigation,,CJCZ172103502BY,7inch Carplay with camera,CN,"7/20/2026, 9:56:33 PM",210*138*100,745,785,Yes,On Sale
7 IPS Car Smart Screen Wireless Carplay Auto Mobile Phone Projection Screen Navigation,,CJCZ172103503CX,4LED camera,CN,"7/20/2026, 9:56:33 PM",210*138*100,123,130,Yes,On Sale
7 IPS Car Smart Screen Wireless Carplay Auto Mobile Phone Projection Screen Navigation,,CJCZ172103504DW,7inch Carplay set,CN,"7/20/2026, 9:56:33 PM",210*138*100,874,904,Yes,On Sale
7 IPS Car Smart Screen Wireless Carplay Auto Mobile Phone Projection Screen Navigation,,CJCZ172103505EV,7inch Carplay with camera set,CN,"7/20/2026, 9:56:33 PM",210*138*100,871,901,Yes,On Sale
7 IPS Car Smart Screen Wireless Carplay Auto Mobile Phone Projection Screen Navigation,,CJCZ172103506FU,Suit,CN,"7/20/2026, 9:56:33 PM",280*180*150,1131,1161,Yes,On Sale
Inflatable Mattress Camping Car Air Mattress Car Travel Mattress Outdoor Car Pillow Bed,,CJQCQCQC00961-Black,Black,CN,"7/20/2026, 7:46:35 PM",300*310*130,1821,1841,Yes,On Sale
Inflatable Mattress Camping Car Air Mattress Car Travel Mattress Outdoor Car Pillow Bed,,CJQCQCQC00961-Blue Siamese,Blue Siamese,CN,"7/20/2026, 7:46:35 PM",310*300*130,1562,1582,Yes,On Sale
Inflatable Mattress Camping Car Air Mattress Car Travel Mattress Outdoor Car Pillow Bed,,CJQCQCQC00961-Grey Siamese,Grey Siamese,CN,"7/20/2026, 7:46:35 PM",310*300*130,1562,1630,Yes,On Sale
Inflatable Mattress Camping Car Air Mattress Car Travel Mattress Outdoor Car Pillow Bed,,CJQCQCQC00961-Grey Split,Grey Split,CN,"7/20/2026, 7:46:35 PM",315*370*130,1750,2376,Yes,On Sale
Inflatable Mattress Camping Car Air Mattress Car Travel Mattress Outdoor Car Pillow Bed,,CJQCQCQC00961-Blue,Blue,CN,"7/20/2026, 7:46:35 PM",300*310*130,1821,1841,Yes,On Sale
Inflatable Mattress Camping Car Air Mattress Car Travel Mattress Outdoor Car Pillow Bed,,CJQCQCQC00961-Khaki Split,Khaki Split,CN,"7/20/2026, 7:46:35 PM",315*370*130,1423,2049,Yes,On Sale
Inflatable Mattress Camping Car Air Mattress Car Travel Mattress Outdoor Car Pillow Bed,,CJQCQCQC00961-Grey,Grey,CN,"7/20/2026, 7:46:35 PM",300*310*130,2341,2575,Yes,On Sale
Inflatable Mattress Camping Car Air Mattress Car Travel Mattress Outdoor Car Pillow Bed,,CJQCQCQC00961-Khaki Siamese,Khaki Siamese,CN,"7/20/2026, 7:46:35 PM",310*300*130,1562,1582,Yes,On Sale
Inflatable Mattress Camping Car Air Mattress Car Travel Mattress Outdoor Car Pillow Bed,,CJQCQCQC00961-Khaki,Khaki,CN,"7/20/2026, 7:46:35 PM",300*310*130,1821,1841,Yes,On Sale
Inflatable Mattress Camping Car Air Mattress Car Travel Mattress Outdoor Car Pillow Bed,,CJQCQCQC00961-Blue Split,Blue Split,CN,"7/20/2026, 7:46:35 PM",315*370*130,1423,2049,Yes,On Sale
Inflatable Mattress Camping Car Air Mattress Car Travel Mattress Outdoor Car Pillow Bed,,CJQCQCQC00961-Black Siamese,Black Siamese,CN,"7/20/2026, 7:46:35 PM",310*300*130,1562,1582,Yes,On Sale
Inflatable Mattress Camping Car Air Mattress Car Travel Mattress Outdoor Car Pillow Bed,,CJQCQCQC00961-Black Split,Black Split,CN,"7/20/2026, 7:46:35 PM",315*370*130,1423,2049,Yes,On Sale
Car Humidifier Air Purifier Freshener Essential Oil Diffuser,,CJQCQCQC00007-Purple,Purple,CN,"7/20/2026, 8:50:17 PM",70*80*180,112,138,Yes,On Sale
Car Humidifier Air Purifier Freshener Essential Oil Diffuser,,CJQCQCQC00007-100pieces,100pieces,CN,"7/20/2026, 8:50:17 PM",70*80*180,58,77,Yes,On Sale
Car Humidifier Air Purifier Freshener Essential Oil Diffuser,,CJQCQCQC00007-Blue1,Blue1,CN,"7/20/2026, 8:50:17 PM",70*80*180,70,90,Yes,On Sale
Car Humidifier Air Purifier Freshener Essential Oil Diffuser,,CJQCQCQC00007-Pink1,Pink1,CN,"7/20/2026, 8:50:17 PM",70*80*180,70,90,Yes,On Sale
Car Humidifier Air Purifier Freshener Essential Oil Diffuser,,CJQCQCQC00007-Green,Green,CN,"7/20/2026, 8:50:17 PM",70*80*180,112,138,Yes,On Sale
Car Humidifier Air Purifier Freshener Essential Oil Diffuser,,CJQCQCQC00007-Blue,Blue,CN,"7/20/2026, 8:50:17 PM",200*110*90,121,138,Yes,On Sale
Car Humidifier Air Purifier Freshener Essential Oil Diffuser,,CJQCQCQC00007-Purple1,Purple1,CN,"7/20/2026, 8:50:17 PM",70*80*180,70,90,Yes,On Sale
Car Humidifier Air Purifier Freshener Essential Oil Diffuser,,CJQCQCQC00007-Green1,Green1,CN,"7/20/2026, 8:50:17 PM",70*80*180,70,90,Yes,On Sale
Car Humidifier Air Purifier Freshener Essential Oil Diffuser,,CJQCQCQC00007-Pink,Pink,CN,"7/20/2026, 8:50:17 PM",70*80*180,112,138,Yes,On Sale
Crystal Diamond Car Air Freshener Perfume Accessories Car Decoration Solid Perfume,,CJQC104282201AZ,Red,CN,"7/20/2026, 2:28:06 AM",100*100*40,200,210,Yes,On Sale
Crystal Diamond Car Air Freshener Perfume Accessories Car Decoration Solid Perfume,,CJQC104282202BY,Black,CN,"7/20/2026, 2:28:06 AM",100*100*40,205,210,Yes,On Sale
Crystal Diamond Car Air Freshener Perfume Accessories Car Decoration Solid Perfume,,CJQC104282203CX,White,CN,"7/20/2026, 2:28:06 AM",100*100*40,200,210,Yes,On Sale
Automobile headlight repair liquid,,CJQCMTMT00133-20ml 2pcs,20ml 2pcs,CN,"7/6/2026, 12:43:38 AM",100*60*60,158,188,Yes,On Sale
Automobile headlight repair liquid,,CJQCMTMT00133-20ml 3pcs,20ml 3pcs,CN,"7/6/2026, 12:43:38 AM",100*150*100,252,282,Yes,On Sale
Automobile headlight repair liquid,,CJQCMTMT00133-20ml 4pcs,20ml 4pcs,CN,"7/6/2026, 12:43:38 AM",100*150*150,346,376,Yes,On Sale
Automobile headlight repair liquid,,CJQCMTMT00133-20ml 30PC,20ml 30PC,CN,"7/6/2026, 12:43:38 AM",100*30*90,2790,2820,Yes,On Sale
Automobile headlight repair liquid,,CJQCMTMT00133-20ml 50PC,20ml 50PC,CN,"7/6/2026, 12:43:38 AM",100*30*120,4670,4700,Yes,On Sale
Automobile headlight repair liquid,,CJQCMTMT00133-20ml 70PC,20ml 70PC,CN,"7/6/2026, 12:43:38 AM",100*30*150,6550,6580,Yes,On Sale
Automobile headlight repair liquid,,CJQCMTMT00133-50ml,50ml,CN,"7/6/2026, 12:43:38 AM",120*30*30,110,130,Yes,On Sale
Automobile headlight repair liquid,,CJQCMTMT00133-50ml  3pcs,50ml  3pcs,CN,"7/6/2026, 12:43:38 AM",200*60*60,342,372,Yes,On Sale
Automobile headlight repair liquid,,CJQCMTMT00133-50ml  4pcs,50ml  4pcs,CN,"7/6/2026, 12:43:38 AM",250*100*100,466,496,Yes,On Sale
Automobile headlight repair liquid,,CJQCMTMT00133-50ml  2pcs,50ml  2pcs,CN,"7/6/2026, 12:43:38 AM",150*100*80,218,248,Yes,On Sale
Automobile headlight repair liquid,,CJQCMTMT00133-Set,Set,CN,"7/6/2026, 12:43:38 AM",160*100*100,188,218,Yes,On Sale
Automobile headlight repair liquid,,CJQCMTMT00133-20ml 5pcs,20ml 5pcs,CN,"7/6/2026, 12:43:38 AM",150*100*100,440,470,Yes,On Sale
Automobile headlight repair liquid,,CJQCMTMT00133-20ml,20ml,CN,"7/6/2026, 12:43:38 AM",100*30*30,80,100,Yes,On Sale
Colorful Cup Holder LED Light-up Coaster Solar & USB Charging Non-slip Coaster Ambient Light For Car Automatically,,CJQC127503201AZ,1pc/USB,CN,"7/20/2026, 9:07:09 PM",98*98*98,35,70,Yes,On Sale
Colorful Cup Holder LED Light-up Coaster Solar & USB Charging Non-slip Coaster Ambient Light For Car Automatically,,CJQC127503202BY,2pc/USB,CN,"7/20/2026, 9:07:09 PM",98*98*198,90,120,Yes,On Sale
Colorful Cup Holder LED Light-up Coaster Solar & USB Charging Non-slip Coaster Ambient Light For Car Automatically,,CJQC127503203CX,4pc/USB,CN,"7/20/2026, 9:07:09 PM",98*98*98,210,240,Yes,On Sale
Anti-lost tracking alarm,,CJQCQCQC00151-GF07 Black3PC,GF07 Black3PC,CN,"7/20/2026, 8:37:15 PM",100*100*50,117,137,Yes,On Sale
Anti-lost tracking alarm,,CJQCQCQC00151-GF21,GF21,CN,"7/20/2026, 8:37:15 PM",120*83*55,37,57,Yes,On Sale
Anti-lost tracking alarm,,CJQCQCQC00151-GF22,GF22,CN,"7/20/2026, 8:37:15 PM",120*83*55,37,57,Yes,On Sale
Anti-lost tracking alarm,,CJQCQCQC00151-GF21 2pcs,GF21 2pcs,CN,"7/20/2026, 8:37:15 PM",120*83*55,72,102,Yes,On Sale
Anti-lost tracking alarm,,CJQCQCQC00151-GF21 3pcs,GF21 3pcs,CN,"7/20/2026, 8:37:15 PM",120*83*55,123,153,Yes,On Sale
Anti-lost tracking alarm,,CJQCQCQC00151-GF22 2pcs,GF22 2pcs,CN,"7/20/2026, 8:37:15 PM",120*83*55,72,102,Yes,On Sale
Anti-lost tracking alarm,,CJQCQCQC00151-GF22 3pcs,GF22 3pcs,CN,"7/20/2026, 8:37:15 PM",120*83*55,123,153,Yes,On Sale
Anti-lost tracking alarm,,CJQCQCQC00151-GF07 Black no box,GF07 Black no box,CN,"7/20/2026, 8:37:15 PM",100*100*50,38,50,Yes,On Sale
Anti-lost tracking alarm,,CJQCQCQC00151-GF07 Black5PC,GF07 Black5PC,CN,"7/20/2026, 8:37:15 PM",100*100*50,312,332,Yes,On Sale
Anti-lost tracking alarm,,CJQCQCQC00151-GF07 Black,GF07 Black,CN,"7/20/2026, 8:37:15 PM",100*100*50,25,69,Yes,On Sale
Anti-lost tracking alarm,,CJQCQCQC00151-GF09 Black,GF09 Black,CN,"7/20/2026, 8:37:15 PM",100*100*50,39,69,Yes,On Sale
Non-Slip Car Phone Pad For 4-in-1 Car Parking Number Card Anti-Slip Mat Auto Phone Holder Sticky Anti Slide Dash Phone Mount,,CJQC138570801AZ,Red/1PC,CN,"7/17/2026, 1:11:28 AM",270*210*60,263,315,Yes,On Sale
Non-Slip Car Phone Pad For 4-in-1 Car Parking Number Card Anti-Slip Mat Auto Phone Holder Sticky Anti Slide Dash Phone Mount,,CJQC138570802BY,White/1PC,CN,"7/17/2026, 1:11:28 AM",270*210*60,258,315,Yes,On Sale
Non-Slip Car Phone Pad For 4-in-1 Car Parking Number Card Anti-Slip Mat Auto Phone Holder Sticky Anti Slide Dash Phone Mount,,CJQC138570803CX,Black/1PC,CN,"7/17/2026, 1:11:28 AM",270*210*60,200,315,Yes,On Sale
Non-Slip Car Phone Pad For 4-in-1 Car Parking Number Card Anti-Slip Mat Auto Phone Holder Sticky Anti Slide Dash Phone Mount,,CJQC138570804DW,Red A/1PC,CN,"7/17/2026, 1:11:28 AM",270*210*60,240,315,Yes,On Sale
Non-Slip Car Phone Pad For 4-in-1 Car Parking Number Card Anti-Slip Mat Auto Phone Holder Sticky Anti Slide Dash Phone Mount,,CJQC138570805EV,Cartoon/1PC,CN,"7/17/2026, 1:11:28 AM",270*210*60,250,315,Yes,On Sale
Non-Slip Car Phone Pad For 4-in-1 Car Parking Number Card Anti-Slip Mat Auto Phone Holder Sticky Anti Slide Dash Phone Mount,,CJQC138570809IR,Black/2PCS,CN,"7/17/2026, 1:11:28 AM",270*210*60,532,562,Yes,On Sale
Non-Slip Car Phone Pad For 4-in-1 Car Parking Number Card Anti-Slip Mat Auto Phone Holder Sticky Anti Slide Dash Phone Mount,,CJQC138570807GT,Cartoon/2PCS,CN,"7/17/2026, 1:11:28 AM",270*210*60,562,592,Yes,On Sale
Non-Slip Car Phone Pad For 4-in-1 Car Parking Number Card Anti-Slip Mat Auto Phone Holder Sticky Anti Slide Dash Phone Mount,,CJQC138570806FU,Red/2PCS,CN,"7/17/2026, 1:11:28 AM",270*210*60,570,600,Yes,On Sale
Non-Slip Car Phone Pad For 4-in-1 Car Parking Number Card Anti-Slip Mat Auto Phone Holder Sticky Anti Slide Dash Phone Mount,,CJQC138570808HS,Red A/2PCS,CN,"7/17/2026, 1:11:28 AM",270*210*60,556,586,Yes,On Sale
Non-Slip Car Phone Pad For 4-in-1 Car Parking Number Card Anti-Slip Mat Auto Phone Holder Sticky Anti Slide Dash Phone Mount,,CJQC138570810JQ,White/2PCS,CN,"7/17/2026, 1:11:28 AM",270*210*60,566,596,Yes,On Sale
Non-Slip Car Phone Pad For 4-in-1 Car Parking Number Card Anti-Slip Mat Auto Phone Holder Sticky Anti Slide Dash Phone Mount,,CJQC138570811KP,Chinese dream/1PC,CN,"7/17/2026, 1:11:28 AM",270*210*60,295,315,Yes,On Sale
Non-Slip Car Phone Pad For 4-in-1 Car Parking Number Card Anti-Slip Mat Auto Phone Holder Sticky Anti Slide Dash Phone Mount,,CJQC138570813MN,Safe journey/1PC,CN,"7/17/2026, 1:11:28 AM",270*210*60,256,315,Yes,On Sale
Non-Slip Car Phone Pad For 4-in-1 Car Parking Number Card Anti-Slip Mat Auto Phone Holder Sticky Anti Slide Dash Phone Mount,,CJQC138570815OL,Single bracket/1PC,CN,"7/17/2026, 1:11:28 AM",270*210*60,150,170,Yes,On Sale
Non-Slip Car Phone Pad For 4-in-1 Car Parking Number Card Anti-Slip Mat Auto Phone Holder Sticky Anti Slide Dash Phone Mount,,CJQC138570817QJ,Black white edge 9125B/1PC,CN,"7/17/2026, 1:11:28 AM",270*210*60,245,265,Yes,On Sale
Car Diffuser Humidifier Car Humidifier Aromatherapy Diffusers Car Odor Eliminator For Car Home Office Bedroom,,CJQCQCQC00566-Dark grey,Dark grey,CN,"7/20/2026, 7:53:35 PM",80*80*190,416,544,Yes,On Sale
Car Diffuser Humidifier Car Humidifier Aromatherapy Diffusers Car Odor Eliminator For Car Home Office Bedroom,,CJQCQCQC00566-Black,Black,CN,"7/20/2026, 7:53:35 PM",80*80*190,370,544,Yes,On Sale
Steering wheel card table,,CJQCNBFX00015-black,black,CN,"7/20/2026, 8:30:59 PM",430*290*30,519,630,Yes,On Sale
Steering wheel card table,,CJQCNBFX00015-gray,gray,CN,"7/20/2026, 8:30:59 PM",430*290*30,561,630,Yes,On Sale
Car Led Strip Light For Neon Party Decoration Light Bicycle Dance Lamp 12V Waterproof USB Strips Lamps,,CJQCQCQC00353-Purple-3m,Purple/3m,CN,"7/20/2026, 9:40:36 PM",300*250*100,60,65,Yes,On Sale
Car Led Strip Light For Neon Party Decoration Light Bicycle Dance Lamp 12V Waterproof USB Strips Lamps,,CJQCQCQC00353-Fluorescent green-3m,Fluorescent green/3m,CN,"7/20/2026, 9:40:36 PM",300*250*100,33,65,Yes,On Sale
Car Led Strip Light For Neon Party Decoration Light Bicycle Dance Lamp 12V Waterproof USB Strips Lamps,,CJQCQCQC00353-Yellow-1m,Yellow/1m,CN,"7/20/2026, 9:40:36 PM",300*250*100,15,35,Yes,On Sale
Car Led Strip Light For Neon Party Decoration Light Bicycle Dance Lamp 12V Waterproof USB Strips Lamps,,CJQCQCQC00353-Green-1m,Green/1m,CN,"7/20/2026, 9:40:36 PM",300*250*100,15,35,Yes,On Sale
Car Led Strip Light For Neon Party Decoration Light Bicycle Dance Lamp 12V Waterproof USB Strips Lamps,,CJQCQCQC00353-purple-1m,purple/1m,CN,"7/20/2026, 9:40:36 PM",300*250*100,13,35,Yes,On Sale
Car Led Strip Light For Neon Party Decoration Light Bicycle Dance Lamp 12V Waterproof USB Strips Lamps,,CJQCQCQC00353-Blue-5m,Blue/5m,CN,"7/20/2026, 9:40:36 PM",300*250*100,93,95,Yes,On Sale
Car Led Strip Light For Neon Party Decoration Light Bicycle Dance Lamp 12V Waterproof USB Strips Lamps,,CJQCQCQC00353-White-1m,White/1m,CN,"7/20/2026, 9:40:36 PM",300*250*100,13,35,Yes,On Sale
Car Led Strip Light For Neon Party Decoration Light Bicycle Dance Lamp 12V Waterproof USB Strips Lamps,,CJQCQCQC00353-Ice blue-1m,Ice blue/1m,CN,"7/20/2026, 9:40:36 PM",300*250*100,15,35,Yes,On Sale
Car Led Strip Light For Neon Party Decoration Light Bicycle Dance Lamp 12V Waterproof USB Strips Lamps,,CJQCQCQC00353-Pink-3m,Pink/3m,CN,"7/20/2026, 9:40:36 PM",300*250*100,30,65,Yes,On Sale
Car Led Strip Light For Neon Party Decoration Light Bicycle Dance Lamp 12V Waterproof USB Strips Lamps,,CJQCQCQC00353-Red-1m,Red/1m,CN,"7/20/2026, 9:40:36 PM",300*250*100,14,35,Yes,On Sale
Car Led Strip Light For Neon Party Decoration Light Bicycle Dance Lamp 12V Waterproof USB Strips Lamps,,CJQCQCQC00353-Yellow-5m,Yellow/5m,CN,"7/20/2026, 9:40:36 PM",300*250*100,75,95,Yes,On Sale
Car Led Strip Light For Neon Party Decoration Light Bicycle Dance Lamp 12V Waterproof USB Strips Lamps,,CJQCQCQC00353-Blue-3m,Blue/3m,CN,"7/20/2026, 9:40:36 PM",300*250*100,33,65,Yes,On Sale
Car Led Strip Light For Neon Party Decoration Light Bicycle Dance Lamp 12V Waterproof USB Strips Lamps,,CJQCQCQC00353-Ice blue-3m,Ice blue/3m,CN,"7/20/2026, 9:40:36 PM",300*250*100,36,65,Yes,On Sale
Car Led Strip Light For Neon Party Decoration Light Bicycle Dance Lamp 12V Waterproof USB Strips Lamps,,CJQCQCQC00353-Green-5m,Green/5m,CN,"7/20/2026, 9:40:36 PM",300*250*100,75,95,Yes,On Sale
Car Led Strip Light For Neon Party Decoration Light Bicycle Dance Lamp 12V Waterproof USB Strips Lamps,,CJQCQCQC00353-White-5m,White/5m,CN,"7/20/2026, 9:40:36 PM",300*250*100,75,95,Yes,On Sale
Car Led Strip Light For Neon Party Decoration Light Bicycle Dance Lamp 12V Waterproof USB Strips Lamps,,CJQCQCQC00353-Ice blue-5m,Ice blue/5m,CN,"7/20/2026, 9:40:36 PM",300*250*100,55,130,Yes,On Sale
Car Led Strip Light For Neon Party Decoration Light Bicycle Dance Lamp 12V Waterproof USB Strips Lamps,,CJQCQCQC00353-Red-3m,Red/3m,CN,"7/20/2026, 9:40:36 PM",300*250*100,35,65,Yes,On Sale
Car Led Strip Light For Neon Party Decoration Light Bicycle Dance Lamp 12V Waterproof USB Strips Lamps,,CJQCQCQC00353-Blue-1m,Blue/1m,CN,"7/20/2026, 9:40:36 PM",300*250*100,14,62,Yes,On Sale
Car Led Strip Light For Neon Party Decoration Light Bicycle Dance Lamp 12V Waterproof USB Strips Lamps,,CJQCQCQC00353-Yellow-3m,Yellow/3m,CN,"7/20/2026, 9:40:36 PM",300*250*100,45,65,Yes,On Sale
Car Led Strip Light For Neon Party Decoration Light Bicycle Dance Lamp 12V Waterproof USB Strips Lamps,,CJQCQCQC00353-Fluorescent green-1m,Fluorescent green/1m,CN,"7/20/2026, 9:40:36 PM",300*250*100,15,35,Yes,On Sale
Car Led Strip Light For Neon Party Decoration Light Bicycle Dance Lamp 12V Waterproof USB Strips Lamps,,CJQCQCQC00353-Pink-1m,Pink/1m,CN,"7/20/2026, 9:40:36 PM",300*250*100,15,35,Yes,On Sale
Car Led Strip Light For Neon Party Decoration Light Bicycle Dance Lamp 12V Waterproof USB Strips Lamps,,CJQCQCQC00353-Red-5m,Red/5m,CN,"7/20/2026, 9:40:36 PM",300*250*100,56,95,Yes,On Sale
Car Led Strip Light For Neon Party Decoration Light Bicycle Dance Lamp 12V Waterproof USB Strips Lamps,,CJQCQCQC00353-Green-3m,Green/3m,CN,"7/20/2026, 9:40:36 PM",300*250*100,45,65,Yes,On Sale
Car Led Strip Light For Neon Party Decoration Light Bicycle Dance Lamp 12V Waterproof USB Strips Lamps,,CJQCQCQC00353-Orange-3m,Orange/3m,CN,"7/20/2026, 9:40:36 PM",300*250*100,45,65,Yes,On Sale
Car Led Strip Light For Neon Party Decoration Light Bicycle Dance Lamp 12V Waterproof USB Strips Lamps,,CJQCQCQC00353-Orange-1m,Orange/1m,CN,"7/20/2026, 9:40:36 PM",300*250*100,15,35,Yes,On Sale
Car Led Strip Light For Neon Party Decoration Light Bicycle Dance Lamp 12V Waterproof USB Strips Lamps,,CJQCQCQC00353-Orange-5m,Orange/5m,CN,"7/20/2026, 9:40:36 PM",300*250*100,75,95,Yes,On Sale
Car Led Strip Light For Neon Party Decoration Light Bicycle Dance Lamp 12V Waterproof USB Strips Lamps,,CJQCQCQC00353-Pink-5m,Pink/5m,CN,"7/20/2026, 9:40:36 PM",300*250*100,75,95,Yes,On Sale
Car Led Strip Light For Neon Party Decoration Light Bicycle Dance Lamp 12V Waterproof USB Strips Lamps,,CJQCQCQC00353-Purple-5m,Purple/5m,CN,"7/20/2026, 9:40:36 PM",300*250*100,91,95,Yes,On Sale
Car Led Strip Light For Neon Party Decoration Light Bicycle Dance Lamp 12V Waterproof USB Strips Lamps,,CJQCQCQC00353-Fluorescent green-5m,Fluorescent green/5m,CN,"7/20/2026, 9:40:36 PM",300*250*100,75,95,Yes,On Sale
Car Led Strip Light For Neon Party Decoration Light Bicycle Dance Lamp 12V Waterproof USB Strips Lamps,,CJQCQCQC00353-White-3m,White/3m,CN,"7/20/2026, 9:40:36 PM",300*250*100,45,65,Yes,On Sale
Car Bumper Protector Strip Guard Corner Protection Strips Scratch Protector Crash Blade Anti-collision Auto Accessories,,CJQC128847901AZ,Black/A pair,CN,"7/20/2026, 2:30:37 AM",425*70*70,139,196,Yes,On Sale
Car Bumper Protector Strip Guard Corner Protection Strips Scratch Protector Crash Blade Anti-collision Auto Accessories,,CJQC128847902BY,White/A pair,CN,"7/20/2026, 2:30:37 AM",425*70*70,127,196,Yes,On Sale
Car Bumper Protector Strip Guard Corner Protection Strips Scratch Protector Crash Blade Anti-collision Auto Accessories,,CJQC128847903CX,Grey/A pair,CN,"7/20/2026, 2:30:37 AM",425*70*70,146,196,Yes,On Sale
Car Bumper Protector Strip Guard Corner Protection Strips Scratch Protector Crash Blade Anti-collision Auto Accessories,,CJQC128847904DW,Red/A pair,CN,"7/20/2026, 2:30:37 AM",425*70*70,138,196,Yes,On Sale
Car Bumper Protector Strip Guard Corner Protection Strips Scratch Protector Crash Blade Anti-collision Auto Accessories,,CJQC128847907GT,Black/2 pairs,CN,"7/20/2026, 2:30:37 AM",425*70*70,328,358,Yes,On Sale
Car Bumper Protector Strip Guard Corner Protection Strips Scratch Protector Crash Blade Anti-collision Auto Accessories,,CJQC128847905EV,Grey/2 pairs,CN,"7/20/2026, 2:30:37 AM",425*70*70,332,362,Yes,On Sale
Car Bumper Protector Strip Guard Corner Protection Strips Scratch Protector Crash Blade Anti-collision Auto Accessories,,CJQC128847906FU,Red/2 pairs,CN,"7/20/2026, 2:30:37 AM",425*70*70,328,358,Yes,On Sale
Car Bumper Protector Strip Guard Corner Protection Strips Scratch Protector Crash Blade Anti-collision Auto Accessories,,CJQC128847908HS,White/2 pairs,CN,"7/20/2026, 2:30:37 AM",425*70*70,322,352,Yes,On Sale
Car Bumper Protector Strip Guard Corner Protection Strips Scratch Protector Crash Blade Anti-collision Auto Accessories,,CJQC128847909IR,Black/4PCS,CN,"7/20/2026, 2:30:37 AM",425*140*140,650,670,Yes,On Sale
Plug And Play ECOOBD2 Gasoline Car Fuel Economy ECO OBD2 Driver,,CJQCGJQT00061-Green2PC,Green2PC,CN,"7/20/2026, 8:26:25 PM",150*100*60,64,94,Yes,On Sale
Plug And Play ECOOBD2 Gasoline Car Fuel Economy ECO OBD2 Driver,,CJQCGJQT00061-Blue2PC,Blue2PC,CN,"7/20/2026, 8:26:25 PM",150*100*60,60,90,Yes,On Sale
Plug And Play ECOOBD2 Gasoline Car Fuel Economy ECO OBD2 Driver,,CJQCGJQT00061-Green3PC,Green3PC,CN,"7/20/2026, 8:26:25 PM",150*100*90,111,141,Yes,On Sale
Plug And Play ECOOBD2 Gasoline Car Fuel Economy ECO OBD2 Driver,,CJQCGJQT00061-Blue3PC,Blue3PC,CN,"7/20/2026, 8:26:25 PM",150*100*90,105,135,Yes,On Sale
Plug And Play ECOOBD2 Gasoline Car Fuel Economy ECO OBD2 Driver,,CJQCGJQT00061-Blue1Green1,Blue1Green1,CN,"7/20/2026, 8:26:25 PM",150*100*60,62,92,Yes,On Sale
Plug And Play ECOOBD2 Gasoline Car Fuel Economy ECO OBD2 Driver,,CJQCGJQT00061-Blue1Green2,Blue1Green2,CN,"7/20/2026, 8:26:25 PM",150*100*90,109,139,Yes,On Sale
Plug And Play ECOOBD2 Gasoline Car Fuel Economy ECO OBD2 Driver,,CJQCGJQT00061-Blue2Green1,Blue2Green1,CN,"7/20/2026, 8:26:25 PM",150*100*90,107,137,Yes,On Sale
Plug And Play ECOOBD2 Gasoline Car Fuel Economy ECO OBD2 Driver,,CJQCGJQT00061-Green5pcs,Green5pcs,CN,"7/20/2026, 8:26:25 PM",150*100*30,205,235,Yes,On Sale
Plug And Play ECOOBD2 Gasoline Car Fuel Economy ECO OBD2 Driver,,CJQCGJQT00061-Green7pcs,Green7pcs,CN,"7/20/2026, 8:26:25 PM",150*100*90,299,329,Yes,On Sale
Plug And Play ECOOBD2 Gasoline Car Fuel Economy ECO OBD2 Driver,,CJQCGJQT00061-Yellow,Yellow,CN,"7/20/2026, 8:26:25 PM",150*100*30,33,50,Yes,On Sale
Plug And Play ECOOBD2 Gasoline Car Fuel Economy ECO OBD2 Driver,,CJQCGJQT00061-Red 2pcs,Red 2pcs,CN,"7/20/2026, 8:26:25 PM",150*100*50,66,86,Yes,On Sale
Plug And Play ECOOBD2 Gasoline Car Fuel Economy ECO OBD2 Driver,,CJQCGJQT00061-Blue 2pcs,Blue 2pcs,CN,"7/20/2026, 8:26:25 PM",150*100*50,66,86,Yes,On Sale
Plug And Play ECOOBD2 Gasoline Car Fuel Economy ECO OBD2 Driver,,CJQCGJQT00061-Green 2pcs,Green 2pcs,CN,"7/20/2026, 8:26:25 PM",150*100*50,61,86,Yes,On Sale
Plug And Play ECOOBD2 Gasoline Car Fuel Economy ECO OBD2 Driver,,CJQCGJQT00061-Yellow 2pcs,Yellow 2pcs,CN,"7/20/2026, 8:26:25 PM",150*100*50,66,86,Yes,On Sale
Plug And Play ECOOBD2 Gasoline Car Fuel Economy ECO OBD2 Driver,,CJQCGJQT00061-Red,Red,CN,"7/20/2026, 8:26:25 PM",150*100*30,34,50,Yes,On Sale
Plug And Play ECOOBD2 Gasoline Car Fuel Economy ECO OBD2 Driver,,CJQCGJQT00061-Green,Green,CN,"7/20/2026, 8:26:25 PM",150*100*30,37,50,Yes,On Sale
Plug And Play ECOOBD2 Gasoline Car Fuel Economy ECO OBD2 Driver,,CJQCGJQT00061-Blue,Blue,CN,"7/20/2026, 8:26:25 PM",150*100*30,33,50,Yes,On Sale
1080P HD Rearview Mirror Driving Recorder,,CJQCQCHS00027-Black edged dual lens-4.3inch,Black edged dual lens/4.3inch,CN,"7/20/2026, 8:29:25 PM",350*130*70,477,480,Yes,On Sale
1080P HD Rearview Mirror Driving Recorder,,CJQCQCHS00027-Blue-2.4inch,Blue/2.4inch,CN,"7/20/2026, 8:29:25 PM",350*130*70,400,430,Yes,On Sale
1080P HD Rearview Mirror Driving Recorder,,CJQCQCHS00027-Blue With 32GB-2.4inch,Blue With 32GB/2.4inch,CN,"7/20/2026, 8:29:25 PM",350*130*70,415,445,Yes,On Sale
1080P HD Rearview Mirror Driving Recorder,,CJQCQCHS00027-White-2.4inch,White/2.4inch,CN,"7/20/2026, 8:29:25 PM",350*130*70,400,430,Yes,On Sale
1080P HD Rearview Mirror Driving Recorder,,CJQCQCHS00027-Blue With 16GB-2.4inch,Blue With 16GB/2.4inch,CN,"7/20/2026, 8:29:25 PM",350*130*70,414,444,Yes,On Sale
Car Vacuum Cleaner Powerful Mini - Car Dual - Purpose Power,,CJXC103967001AZ,White,CN,"7/20/2026, 10:21:16 PM",240*80*190,619,703,Yes,On Sale
Car Vacuum Cleaner Powerful Mini - Car Dual - Purpose Power,,CJXC103967002BY,Black,CN,"7/20/2026, 10:21:16 PM",240*80*190,529,699,Yes,On Sale
Smartphone Driver Heads Up Display,,CJQCQCQC00008-Blue3M glue,Blue3M glue,CN,"7/20/2026, 2:32:56 AM",180*150*50,150,170,Yes,On Sale
Smartphone Driver Heads Up Display,,CJQCQCQC00008-Pink,Pink,CN,"7/20/2026, 2:32:56 AM",180*150*50,150,165,Yes,On Sale
Smartphone Driver Heads Up Display,,CJQCQCQC00008-Black wireless charging,Black wireless charging,CN,"7/20/2026, 2:32:56 AM",180*150*50,130,150,Yes,On Sale
Smartphone Driver Heads Up Display,,CJQCQCQC00008-Blue,Blue,CN,"7/20/2026, 2:32:56 AM",180*150*50,150,165,Yes,On Sale
Smartphone Driver Heads Up Display,,CJQCQCQC00008-Gold 3M glue,Gold 3M glue,CN,"7/20/2026, 2:32:56 AM",180*150*50,150,170,Yes,On Sale
Smartphone Driver Heads Up Display,,CJQCQCQC00008-Gold,Gold,CN,"7/20/2026, 2:32:56 AM",180*150*50,150,165,Yes,On Sale
Smartphone Driver Heads Up Display,,CJQCQCQC00008-Black,Black,CN,"7/20/2026, 2:32:56 AM",180*150*50,155,165,Yes,On Sale
Smartphone Driver Heads Up Display,,CJQCQCQC00008-Black3M glue,Black3M glue,CN,"7/20/2026, 2:32:56 AM",180*150*50,140,170,Yes,On Sale
Smartphone Driver Heads Up Display,,CJQCQCQC00008-Pink 3M glue,Pink 3M glue,CN,"7/20/2026, 2:32:56 AM",180*150*50,150,170,Yes,On Sale
Smartphone Driver Heads Up Display,,CJQCQCQC00008-Black Without line,Black Without line,CN,"7/20/2026, 2:32:56 AM",180*150*50,130,165,Yes,On Sale
Car Cup Holders Car-styling Car Truck Drink Water Cup Bottle Can Holder Door Mount Stand ABS Rubber Drinks Holders,,CJQCQCQC00085-Black bracket,Black bracket,CN,"7/20/2026, 9:39:33 PM",100*100*50,100,120,Yes,On Sale
Car Cup Holders Car-styling Car Truck Drink Water Cup Bottle Can Holder Door Mount Stand ABS Rubber Drinks Holders,,CJQCQCQC00085-Black,Black,CN,"7/20/2026, 9:39:33 PM",100*100*50,247,260,Yes,On Sale
Car Cup Holders Car-styling Car Truck Drink Water Cup Bottle Can Holder Door Mount Stand ABS Rubber Drinks Holders,,CJQCQCQC00085-Green,Green,CN,"7/20/2026, 9:39:33 PM",100*100*50,231,260,Yes,On Sale
Car Cup Holders Car-styling Car Truck Drink Water Cup Bottle Can Holder Door Mount Stand ABS Rubber Drinks Holders,,CJQCQCQC00085-Pink,Pink,CN,"7/20/2026, 9:39:33 PM",100*100*50,237,260,Yes,On Sale
Car Cup Holders Car-styling Car Truck Drink Water Cup Bottle Can Holder Door Mount Stand ABS Rubber Drinks Holders,,CJQCQCQC00085-Blue,Blue,CN,"7/20/2026, 9:39:33 PM",100*100*50,249,260,Yes,On Sale
HQ Leather Car Seat Organizers,,CJQCQCQC00048-Red wine,Red wine,CN,"7/20/2026, 9:38:46 PM",600*420*50,356,380,Yes,On Sale
HQ Leather Car Seat Organizers,,CJQCQCQC00048-Orange,Orange,CN,"7/20/2026, 9:38:46 PM",600*420*50,464,500,Yes,On Sale
HQ Leather Car Seat Organizers,,CJQCQCQC00048-Cream color,Cream color,CN,"7/20/2026, 9:38:46 PM",600*420*50,360,380,Yes,On Sale
HQ Leather Car Seat Organizers,,CJQCQCQC00048-Black,Black,CN,"7/20/2026, 9:38:46 PM",600*420*50,362,451,Yes,On Sale
HQ Leather Car Seat Organizers,,CJQCQCQC00048-B,B,CN,"7/20/2026, 9:38:46 PM",600*420*50,395,417,Yes,On Sale
HQ Leather Car Seat Organizers,,CJQCQCQC00048-C,C,CN,"7/20/2026, 9:38:46 PM",600*420*50,395,417,Yes,On Sale
HQ Leather Car Seat Organizers,,CJQCQCQC00048-Light Brown,Light Brown,CN,"7/20/2026, 9:38:46 PM",600*420*50,353,380,Yes,On Sale
HQ Leather Car Seat Organizers,,CJQCQCQC00048-Grey,Grey,CN,"7/20/2026, 9:38:46 PM",600*420*50,360,380,Yes,On Sale
HQ Leather Car Seat Organizers,,CJQCQCQC00048-A,A,CN,"7/20/2026, 9:38:46 PM",600*420*50,395,417,Yes,On Sale
HQ Leather Car Seat Organizers,,CJQCQCQC00048-Beige,Beige,CN,"7/20/2026, 9:38:46 PM",600*420*50,395,417,Yes,On Sale
HQ Leather Car Seat Organizers,,CJQCQCQC00048-Dark brown,Dark brown,CN,"7/20/2026, 9:38:46 PM",600*420*50,412,432,Yes,On Sale
Car Rearview Mirror Swivel Navigation Bracket,,CJQC147646701AZ,Black,CN,"7/20/2026, 9:31:55 PM",145*95*85,242,250,Yes,On Sale
AutoClean Tm  Wireless Portable Car Vacuum Cleaner,,CJQCGJXC00027-White,White,CN,"7/20/2026, 8:32:11 PM",360*100*130,597,651,Yes,On Sale
AutoClean Tm  Wireless Portable Car Vacuum Cleaner,,CJQCGJXC00027-Orange,Orange,CN,"7/20/2026, 8:32:11 PM",360*100*130,594,651,Yes,On Sale
AutoClean Tm  Wireless Portable Car Vacuum Cleaner,,CJQCGJXC00027-Black,Black,CN,"7/20/2026, 8:32:11 PM",360*100*130,593,651,Yes,On Sale
Car Storage Bag Handbag Holder Car Seat Storage Organizer Handbag Holder Auto Interior Stowing Tidying Car Middle Organizer,,CJQC111749901AZ,Black without pockets,CN,"7/20/2026, 9:41:17 PM",300*200*30,194,270,Yes,On Sale
Car Storage Bag Handbag Holder Car Seat Storage Organizer Handbag Holder Auto Interior Stowing Tidying Car Middle Organizer,,CJQC111749902BY,Black with pockets,CN,"7/20/2026, 9:41:17 PM",400*200*30,260,280,Yes,On Sale
Car Storage Bag Handbag Holder Car Seat Storage Organizer Handbag Holder Auto Interior Stowing Tidying Car Middle Organizer,,CJQC111749903CX,Black diamond,CN,"7/20/2026, 9:41:17 PM",300*300*100,357,377,Yes,On Sale
Car Storage Bag Handbag Holder Car Seat Storage Organizer Handbag Holder Auto Interior Stowing Tidying Car Middle Organizer,,CJQC111749904DW,Gypsophila Trumpet,CN,"7/20/2026, 9:41:17 PM",250*150*100,92,112,Yes,On Sale
Helmet Motorcycle Light Riding Signal Strip Flashing Durable Kit Bar Diy Helmet Led Strip Reflector Cold Light Film,,CJMT113216601AZ,Red/1PC,CN,"7/20/2026, 1:27:33 PM",100*30*50,44,100,Yes,On Sale
Helmet Motorcycle Light Riding Signal Strip Flashing Durable Kit Bar Diy Helmet Led Strip Reflector Cold Light Film,,CJMT113216602BY,Purple/1PC,CN,"7/20/2026, 1:27:33 PM",100*30*50,67,100,Yes,On Sale
Helmet Motorcycle Light Riding Signal Strip Flashing Durable Kit Bar Diy Helmet Led Strip Reflector Cold Light Film,,CJMT113216603CX,Yellow/1PC,CN,"7/20/2026, 1:27:33 PM",100*30*50,63,100,Yes,On Sale
Helmet Motorcycle Light Riding Signal Strip Flashing Durable Kit Bar Diy Helmet Led Strip Reflector Cold Light Film,,CJMT113216604DW,ice blue/1PC,CN,"7/20/2026, 1:27:33 PM",100*30*50,65,100,Yes,On Sale
Helmet Motorcycle Light Riding Signal Strip Flashing Durable Kit Bar Diy Helmet Led Strip Reflector Cold Light Film,,CJMT113216605EV,Blue/1PC,CN,"7/20/2026, 1:27:33 PM",100*30*50,65,100,Yes,On Sale
Helmet Motorcycle Light Riding Signal Strip Flashing Durable Kit Bar Diy Helmet Led Strip Reflector Cold Light Film,,CJMT113216606FU,White/1PC,CN,"7/20/2026, 1:27:33 PM",100*30*50,55,100,Yes,On Sale
Helmet Motorcycle Light Riding Signal Strip Flashing Durable Kit Bar Diy Helmet Led Strip Reflector Cold Light Film,,CJMT113216607GT,Green/1PC,CN,"7/20/2026, 1:27:33 PM",100*30*50,64,100,Yes,On Sale
Helmet Motorcycle Light Riding Signal Strip Flashing Durable Kit Bar Diy Helmet Led Strip Reflector Cold Light Film,,CJMT113216611KP,Blue/2PCS,CN,"7/20/2026, 1:27:33 PM",100*60*50,150,180,Yes,On Sale
Helmet Motorcycle Light Riding Signal Strip Flashing Durable Kit Bar Diy Helmet Led Strip Reflector Cold Light Film,,CJMT113216613MN,Green/2PCS,CN,"7/20/2026, 1:27:33 PM",100*60*50,150,180,Yes,On Sale
Helmet Motorcycle Light Riding Signal Strip Flashing Durable Kit Bar Diy Helmet Led Strip Reflector Cold Light Film,,CJMT113216609IR,Purple/2PCS,CN,"7/20/2026, 1:27:33 PM",100*60*50,152,182,Yes,On Sale
Helmet Motorcycle Light Riding Signal Strip Flashing Durable Kit Bar Diy Helmet Led Strip Reflector Cold Light Film,,CJMT113216608HS,Red/2PCS,CN,"7/20/2026, 1:27:33 PM",100*60*50,138,168,Yes,On Sale
Helmet Motorcycle Light Riding Signal Strip Flashing Durable Kit Bar Diy Helmet Led Strip Reflector Cold Light Film,,CJMT113216610JQ,White/2PCS,CN,"7/20/2026, 1:27:33 PM",100*60*50,144,174,Yes,On Sale
Helmet Motorcycle Light Riding Signal Strip Flashing Durable Kit Bar Diy Helmet Led Strip Reflector Cold Light Film,,CJMT113216612LO,Yellow/2PCS,CN,"7/20/2026, 1:27:33 PM",100*60*50,148,178,Yes,On Sale
Helmet Motorcycle Light Riding Signal Strip Flashing Durable Kit Bar Diy Helmet Led Strip Reflector Cold Light Film,,CJMT113216614NM,ice blue/2PCS,CN,"7/20/2026, 1:27:33 PM",100*60*50,150,180,Yes,On Sale
Small Eye Dash Cam Car DVR Recorder Camera With Wifi Full HD,,CJCZ119011001AZ,3.7V,CN,"7/20/2026, 7:52:02 PM",300*200*100,316,320,Yes,On Sale
Rearview Mirror Phone Holder For Car Rotatable And Retractable Car Phone Holder Multifunctional 360 Rear View Mirror Phone Holder Suitable For All Mobile Phones And All Car,,CJQC141029801AZ,Black,CN,"7/20/2026, 11:10:28 PM",145*95*85,239,265,Yes,On Sale
Rearview Mirror Phone Holder For Car Rotatable And Retractable Car Phone Holder Multifunctional 360 Rear View Mirror Phone Holder Suitable For All Mobile Phones And All Car,,CJQC141029802BY,Black 2PCS,CN,"7/20/2026, 11:10:28 PM",145*95*120,486,516,Yes,On Sale
Rearview Mirror Phone Holder For Car Rotatable And Retractable Car Phone Holder Multifunctional 360 Rear View Mirror Phone Holder Suitable For All Mobile Phones And All Car,,CJQC141029803CX,Black 3pcs,CN,"7/20/2026, 11:10:28 PM",145*95*255,744,774,Yes,On Sale
3 In 1 Car Heater Defogger Plug In Cigarette Lighter Mini Car Heater Defroster ABS Car Heaters Fan Defogger Anti-Fog,,CJQT134512901AZ,Black/12V,CN,"7/20/2026, 9:20:42 PM",165*140*90,327,347,Yes,On Sale
3 In 1 Car Heater Defogger Plug In Cigarette Lighter Mini Car Heater Defroster ABS Car Heaters Fan Defogger Anti-Fog,,CJQT134512902BY,Black/24V,CN,"7/20/2026, 9:20:42 PM",165*140*90,327,347,Yes,On Sale
3 In 1 Car Heater Defogger Plug In Cigarette Lighter Mini Car Heater Defroster ABS Car Heaters Fan Defogger Anti-Fog,,CJQT134512903CX,White/12V,CN,"7/20/2026, 9:20:42 PM",165*140*90,327,347,Yes,On Sale
3 In 1 Car Heater Defogger Plug In Cigarette Lighter Mini Car Heater Defroster ABS Car Heaters Fan Defogger Anti-Fog,,CJQT134512904DW,White/24V,CN,"7/20/2026, 9:20:42 PM",165*140*90,327,347,Yes,On Sale
PU Leather Car Storage Bag Multifunction Seat Back Tray Hanging Bag Waterproof Car Organizer Automotive Interior Accessories,,CJMT109776401AZ,Black,CN,"7/20/2026, 10:43:47 PM",430*320*50,679,744,Yes,On Sale
PU Leather Car Storage Bag Multifunction Seat Back Tray Hanging Bag Waterproof Car Organizer Automotive Interior Accessories,,CJMT109776402BY,Coffee,CN,"7/20/2026, 10:43:47 PM",430*320*50,680,744,Yes,On Sale
PU Leather Car Storage Bag Multifunction Seat Back Tray Hanging Bag Waterproof Car Organizer Automotive Interior Accessories,,CJMT109776403CX,Beige,CN,"7/20/2026, 10:43:47 PM",430*320*50,672,744,Yes,On Sale
PU Leather Car Storage Bag Multifunction Seat Back Tray Hanging Bag Waterproof Car Organizer Automotive Interior Accessories,,CJMT109776404DW,Wine red,CN,"7/20/2026, 10:43:47 PM",430*320*50,682,744,Yes,On Sale
PU Leather Car Storage Bag Multifunction Seat Back Tray Hanging Bag Waterproof Car Organizer Automotive Interior Accessories,,CJMT109776405EV,Brown,CN,"7/20/2026, 10:43:47 PM",430*320*50,681,744,Yes,On Sale
PU Leather Car Storage Bag Multifunction Seat Back Tray Hanging Bag Waterproof Car Organizer Automotive Interior Accessories,,CJMT109776406FU,Grey,CN,"7/20/2026, 10:43:47 PM",430*320*50,705,744,Yes,On Sale
PU Leather Car Storage Bag Multifunction Seat Back Tray Hanging Bag Waterproof Car Organizer Automotive Interior Accessories,,CJMT109776407GT,Beige set1,CN,"7/20/2026, 10:43:47 PM",430*320*50,959,989,Yes,On Sale
PU Leather Car Storage Bag Multifunction Seat Back Tray Hanging Bag Waterproof Car Organizer Automotive Interior Accessories,,CJMT109776408HS,Beige set2,CN,"7/20/2026, 10:43:47 PM",430*320*50,737,834,Yes,On Sale
PU Leather Car Storage Bag Multifunction Seat Back Tray Hanging Bag Waterproof Car Organizer Automotive Interior Accessories,,CJMT109776409IR,Beige 2pcs,CN,"7/20/2026, 10:43:47 PM",430*320*50,1416,1446,Yes,On Sale
PU Leather Car Storage Bag Multifunction Seat Back Tray Hanging Bag Waterproof Car Organizer Automotive Interior Accessories,,CJMT109776410JQ,Black 2pcs,CN,"7/20/2026, 10:43:47 PM",430*320*50,1420,1450,Yes,On Sale
PU Leather Car Storage Bag Multifunction Seat Back Tray Hanging Bag Waterproof Car Organizer Automotive Interior Accessories,,CJMT109776411KP,Brown 2pcs,CN,"7/20/2026, 10:43:47 PM",430*320*50,1422,1452,Yes,On Sale
PU Leather Car Storage Bag Multifunction Seat Back Tray Hanging Bag Waterproof Car Organizer Automotive Interior Accessories,,CJMT109776412LO,Coffee 2pcs,CN,"7/20/2026, 10:43:47 PM",430*320*50,1420,1450,Yes,On Sale
PU Leather Car Storage Bag Multifunction Seat Back Tray Hanging Bag Waterproof Car Organizer Automotive Interior Accessories,,CJMT109776413MN,Grey 2pcs,CN,"7/20/2026, 10:43:47 PM",430*320*50,1436,1466,Yes,On Sale
PU Leather Car Storage Bag Multifunction Seat Back Tray Hanging Bag Waterproof Car Organizer Automotive Interior Accessories,,CJMT109776414NM,Wine red 2pcs,CN,"7/20/2026, 10:43:47 PM",430*320*50,1422,1452,Yes,On Sale
PU Leather Car Storage Bag Multifunction Seat Back Tray Hanging Bag Waterproof Car Organizer Automotive Interior Accessories,,CJMT109776415OL,Set1,CN,"7/20/2026, 10:43:47 PM",430*320*100,1682,1712,Yes,On Sale
PU Leather Car Storage Bag Multifunction Seat Back Tray Hanging Bag Waterproof Car Organizer Automotive Interior Accessories,,CJMT109776416PK,Set2,CN,"7/20/2026, 10:43:47 PM",430*320*100,1688,1718,Yes,On Sale
PU Leather Car Storage Bag Multifunction Seat Back Tray Hanging Bag Waterproof Car Organizer Automotive Interior Accessories,,CJMT109776417QJ,Set3,CN,"7/20/2026, 10:43:47 PM",430*320*100,1702,1732,Yes,On Sale
PU Leather Car Storage Bag Multifunction Seat Back Tray Hanging Bag Waterproof Car Organizer Automotive Interior Accessories,,CJMT109776418RI,Set4,CN,"7/20/2026, 10:43:47 PM",430*320*100,1686,1716,Yes,On Sale
PU Leather Car Storage Bag Multifunction Seat Back Tray Hanging Bag Waterproof Car Organizer Automotive Interior Accessories,,CJMT109776419SH,Set5,CN,"7/20/2026, 10:43:47 PM",430*320*100,1688,1718,Yes,On Sale
PU Leather Car Storage Bag Multifunction Seat Back Tray Hanging Bag Waterproof Car Organizer Automotive Interior Accessories,,CJMT109776420TG,Set6,CN,"7/20/2026, 10:43:47 PM",430*320*100,1686,1716,Yes,On Sale
PU Leather Car Storage Bag Multifunction Seat Back Tray Hanging Bag Waterproof Car Organizer Automotive Interior Accessories,,CJMT109776421UF,Black set1,CN,"7/20/2026, 10:43:47 PM",430*320*50,961,991,Yes,On Sale
PU Leather Car Storage Bag Multifunction Seat Back Tray Hanging Bag Waterproof Car Organizer Automotive Interior Accessories,,CJMT109776422VE,Wine red set1,CN,"7/20/2026, 10:43:47 PM",430*320*50,962,992,Yes,On Sale
PU Leather Car Storage Bag Multifunction Seat Back Tray Hanging Bag Waterproof Car Organizer Automotive Interior Accessories,,CJMT109776423WD,Brown set1,CN,"7/20/2026, 10:43:47 PM",430*320*50,962,992,Yes,On Sale
PU Leather Car Storage Bag Multifunction Seat Back Tray Hanging Bag Waterproof Car Organizer Automotive Interior Accessories,,CJMT109776424XC,Coffee set1,CN,"7/20/2026, 10:43:47 PM",430*320*50,961,991,Yes,On Sale
PU Leather Car Storage Bag Multifunction Seat Back Tray Hanging Bag Waterproof Car Organizer Automotive Interior Accessories,,CJMT109776425YB,Grey set1,CN,"7/20/2026, 10:43:47 PM",430*320*50,969,999,Yes,On Sale
Wireless Car Vacuum Cleaner Portable Handheld High-power Vacuum Cleaner For Car Home Office Keyboard Cleaning,,CJQCQCCZ00034-White-Charge,White/Charge,CN,"7/20/2026, 10:46:08 PM",164*80*150,450,496,Yes,On Sale
Wireless Car Vacuum Cleaner Portable Handheld High-power Vacuum Cleaner For Car Home Office Keyboard Cleaning,,CJQCQCCZ00034-White-Vehicle,White/Vehicle,CN,"7/20/2026, 10:46:08 PM",164*80*150,450,496,Yes,On Sale
Wireless Car Vacuum Cleaner Portable Handheld High-power Vacuum Cleaner For Car Home Office Keyboard Cleaning,,CJQCQCCZ00034-7903black-Wireless,7903black/Wireless,CN,"7/20/2026, 10:46:08 PM",200*180*60,362,380,Yes,On Sale
Wireless Car Vacuum Cleaner Portable Handheld High-power Vacuum Cleaner For Car Home Office Keyboard Cleaning,,CJQCQCCZ00034-7903white-Wireless,7903white/Wireless,CN,"7/20/2026, 10:46:08 PM",200*180*60,366,380,Yes,On Sale
Wireless Car Vacuum Cleaner Portable Handheld High-power Vacuum Cleaner For Car Home Office Keyboard Cleaning,,CJQCQCCZ00034-A black-Wireless,A black/Wireless,CN,"7/20/2026, 10:46:08 PM",165*145*40,385,400,Yes,On Sale
Wireless Car Vacuum Cleaner Portable Handheld High-power Vacuum Cleaner For Car Home Office Keyboard Cleaning,,CJQCQCCZ00034-A white-Wireless,A white/Wireless,CN,"7/20/2026, 10:46:08 PM",165*145*40,381,400,Yes,On Sale
Wireless Car Vacuum Cleaner Portable Handheld High-power Vacuum Cleaner For Car Home Office Keyboard Cleaning,,CJQCQCCZ00034-A black SET-Wireless,A black SET/Wireless,CN,"7/20/2026, 10:46:08 PM",250*180*100,850,880,Yes,On Sale
Wireless Car Vacuum Cleaner Portable Handheld High-power Vacuum Cleaner For Car Home Office Keyboard Cleaning,,CJQCQCCZ00034-Black-Charge,Black/Charge,CN,"7/20/2026, 10:46:08 PM",164*80*150,342,362,Yes,On Sale
Wireless Car Vacuum Cleaner Portable Handheld High-power Vacuum Cleaner For Car Home Office Keyboard Cleaning,,CJQCQCCZ00034-Black-Vehicle,Black/Vehicle,CN,"7/20/2026, 10:46:08 PM",164*80*150,342,362,Yes,On Sale
Cordless Snow Scraper With Battery Life Durable Electric Ice Scraper Portable Window For Auto Deicing,,CJYD189497101AZ,Yellow,CN,"7/20/2026, 10:39:43 PM",160*110*110,470,495,Yes,On Sale
Cordless Snow Scraper With Battery Life Durable Electric Ice Scraper Portable Window For Auto Deicing,,CJYD189497102BY,Black,CN,"7/20/2026, 10:39:43 PM",160*110*110,470,495,Yes,On Sale
Car Led Decoration Cold Light Interior Modification Strip USB Car Atmosphere Light Lamp Line,,CJJT129506301AZ,White/1M,CN,"7/20/2026, 8:27:12 PM",100*100*50,44,90,Yes,On Sale
Car Led Decoration Cold Light Interior Modification Strip USB Car Atmosphere Light Lamp Line,,CJJT129506302BY,White/2M,CN,"7/20/2026, 8:27:12 PM",100*100*50,51,100,Yes,On Sale
Car Led Decoration Cold Light Interior Modification Strip USB Car Atmosphere Light Lamp Line,,CJJT129506303CX,White/3M,CN,"7/20/2026, 8:27:12 PM",100*100*50,65,115,Yes,On Sale
Car Led Decoration Cold Light Interior Modification Strip USB Car Atmosphere Light Lamp Line,,CJJT129506304DW,White/5M,CN,"7/20/2026, 8:27:12 PM",100*100*50,81,135,Yes,On Sale
Car Led Decoration Cold Light Interior Modification Strip USB Car Atmosphere Light Lamp Line,,CJJT129506305EV,Purple/1M,CN,"7/20/2026, 8:27:12 PM",100*100*50,65,90,Yes,On Sale
Car Led Decoration Cold Light Interior Modification Strip USB Car Atmosphere Light Lamp Line,,CJJT129506306FU,Purple/2M,CN,"7/20/2026, 8:27:12 PM",100*100*50,90,100,Yes,On Sale
Car Led Decoration Cold Light Interior Modification Strip USB Car Atmosphere Light Lamp Line,,CJJT129506307GT,Purple/3M,CN,"7/20/2026, 8:27:12 PM",100*100*50,68,115,Yes,On Sale
Car Led Decoration Cold Light Interior Modification Strip USB Car Atmosphere Light Lamp Line,,CJJT129506308HS,Purple/5M,CN,"7/20/2026, 8:27:12 PM",100*100*50,85,135,Yes,On Sale
Car Led Decoration Cold Light Interior Modification Strip USB Car Atmosphere Light Lamp Line,,CJJT129506309IR,Pink/1M,CN,"7/20/2026, 8:27:12 PM",100*100*50,65,90,Yes,On Sale
Car Led Decoration Cold Light Interior Modification Strip USB Car Atmosphere Light Lamp Line,,CJJT129506310JQ,Pink/2M,CN,"7/20/2026, 8:27:12 PM",100*100*50,56,100,Yes,On Sale
Car Led Decoration Cold Light Interior Modification Strip USB Car Atmosphere Light Lamp Line,,CJJT129506311KP,Pink/3M,CN,"7/20/2026, 8:27:12 PM",100*100*50,100,115,Yes,On Sale
Car Led Decoration Cold Light Interior Modification Strip USB Car Atmosphere Light Lamp Line,,CJJT129506312LO,Pink/5M,CN,"7/20/2026, 8:27:12 PM",100*100*50,85,135,Yes,On Sale
Car Led Decoration Cold Light Interior Modification Strip USB Car Atmosphere Light Lamp Line,,CJJT129506313MN,Green/1M,CN,"7/20/2026, 8:27:12 PM",100*100*50,65,90,Yes,On Sale
Car Led Decoration Cold Light Interior Modification Strip USB Car Atmosphere Light Lamp Line,,CJJT129506314NM,Green/2M,CN,"7/20/2026, 8:27:12 PM",100*100*50,90,100,Yes,On Sale
Car Led Decoration Cold Light Interior Modification Strip USB Car Atmosphere Light Lamp Line,,CJJT129506315OL,Green/3M,CN,"7/20/2026, 8:27:12 PM",100*100*50,70,115,Yes,On Sale
Car Led Decoration Cold Light Interior Modification Strip USB Car Atmosphere Light Lamp Line,,CJJT129506316PK,Green/5M,CN,"7/20/2026, 8:27:12 PM",100*100*50,92,135,Yes,On Sale
Car Led Decoration Cold Light Interior Modification Strip USB Car Atmosphere Light Lamp Line,,CJJT129506317QJ,Yellow/1M,CN,"7/20/2026, 8:27:12 PM",100*100*50,65,90,Yes,On Sale
Car Led Decoration Cold Light Interior Modification Strip USB Car Atmosphere Light Lamp Line,,CJJT129506318RI,Yellow/2M,CN,"7/20/2026, 8:27:12 PM",100*100*50,90,100,Yes,On Sale
Car Led Decoration Cold Light Interior Modification Strip USB Car Atmosphere Light Lamp Line,,CJJT129506319SH,Yellow/3M,CN,"7/20/2026, 8:27:12 PM",100*100*50,69,115,Yes,On Sale
Car Led Decoration Cold Light Interior Modification Strip USB Car Atmosphere Light Lamp Line,,CJJT129506320TG,Yellow/5M,CN,"7/20/2026, 8:27:12 PM",100*100*50,86,135,Yes,On Sale
Car Led Decoration Cold Light Interior Modification Strip USB Car Atmosphere Light Lamp Line,,CJJT129506321UF,Red/1M,CN,"7/20/2026, 8:27:12 PM",100*100*50,65,90,Yes,On Sale
Car Led Decoration Cold Light Interior Modification Strip USB Car Atmosphere Light Lamp Line,,CJJT129506322VE,Red/2M,CN,"7/20/2026, 8:27:12 PM",100*100*50,54,100,Yes,On Sale
Car Led Decoration Cold Light Interior Modification Strip USB Car Atmosphere Light Lamp Line,,CJJT129506323WD,Red/3M,CN,"7/20/2026, 8:27:12 PM",100*100*50,68,115,Yes,On Sale
Car Led Decoration Cold Light Interior Modification Strip USB Car Atmosphere Light Lamp Line,,CJJT129506324XC,Red/5M,CN,"7/20/2026, 8:27:12 PM",100*100*50,83,135,Yes,On Sale
Car Led Decoration Cold Light Interior Modification Strip USB Car Atmosphere Light Lamp Line,,CJJT129506325YB,Blue/1M,CN,"7/20/2026, 8:27:12 PM",100*100*50,65,90,Yes,On Sale
Car Led Decoration Cold Light Interior Modification Strip USB Car Atmosphere Light Lamp Line,,CJJT129506326ZA,Blue/2M,CN,"7/20/2026, 8:27:12 PM",100*100*50,57,100,Yes,On Sale
Car Led Decoration Cold Light Interior Modification Strip USB Car Atmosphere Light Lamp Line,,CJJT129506327AZ,Blue/3M,CN,"7/20/2026, 8:27:12 PM",100*100*50,65,115,Yes,On Sale
Car Led Decoration Cold Light Interior Modification Strip USB Car Atmosphere Light Lamp Line,,CJJT129506328BY,Blue/5M,CN,"7/20/2026, 8:27:12 PM",100*100*50,96,135,Yes,On Sale
Car Vacuum Cleaner Wireless 5000Pa Handheld Mini Vaccum Cleaner For Car Home Desktop Cleaning Portable Vacuum Cleaner,,CJQCQCQC00871-Green-SetB,Green/SetB,CN,"7/8/2026, 11:01:38 PM",350*400*150,1284,1314,Yes,On Sale
Car Vacuum Cleaner Wireless 5000Pa Handheld Mini Vaccum Cleaner For Car Home Desktop Cleaning Portable Vacuum Cleaner,,CJQCQCQC00871-Green-1,Green/1,CN,"7/8/2026, 11:01:38 PM",350*400*50,802,830,Yes,On Sale
Car Vacuum Cleaner Wireless 5000Pa Handheld Mini Vaccum Cleaner For Car Home Desktop Cleaning Portable Vacuum Cleaner,,CJQCQCQC00871-Filter-1pcs,Filter/1pcs,CN,"7/8/2026, 11:01:38 PM",100*100*40,16,18,Yes,On Sale
Car Vacuum Cleaner Wireless 5000Pa Handheld Mini Vaccum Cleaner For Car Home Desktop Cleaning Portable Vacuum Cleaner,,CJQCQCQC00871-Filter-3pcs,Filter/3pcs,CN,"7/8/2026, 11:01:38 PM",100*100*40,45,50,Yes,On Sale
Car Vacuum Cleaner Wireless 5000Pa Handheld Mini Vaccum Cleaner For Car Home Desktop Cleaning Portable Vacuum Cleaner,,CJQCQCQC00871-Black-2pcs,Black/2pcs,CN,"7/8/2026, 11:01:38 PM",350*400*100,1612,1642,Yes,On Sale
Car Vacuum Cleaner Wireless 5000Pa Handheld Mini Vaccum Cleaner For Car Home Desktop Cleaning Portable Vacuum Cleaner,,CJQCQCQC00871-Black-3pcs,Black/3pcs,CN,"7/8/2026, 11:01:38 PM",350*400*150,2433,2463,Yes,On Sale
Car Vacuum Cleaner Wireless 5000Pa Handheld Mini Vaccum Cleaner For Car Home Desktop Cleaning Portable Vacuum Cleaner,,CJQCQCQC00871-White-SetB,White/SetB,CN,"7/8/2026, 11:01:38 PM",350*400*150,1285,1315,Yes,On Sale
Car Vacuum Cleaner Wireless 5000Pa Handheld Mini Vaccum Cleaner For Car Home Desktop Cleaning Portable Vacuum Cleaner,,CJQCQCQC00871-White-1,White/1,CN,"7/8/2026, 11:01:38 PM",350*400*50,804,830,Yes,On Sale
Car Vacuum Cleaner Wireless 5000Pa Handheld Mini Vaccum Cleaner For Car Home Desktop Cleaning Portable Vacuum Cleaner,,CJQCQCQC00871-Black-1,Black/1,CN,"7/8/2026, 11:01:38 PM",350*400*50,800,830,Yes,On Sale
Car Vacuum Cleaner Wireless 5000Pa Handheld Mini Vaccum Cleaner For Car Home Desktop Cleaning Portable Vacuum Cleaner,,CJQCQCQC00871-Green-SetA,Green/SetA,CN,"7/8/2026, 11:01:38 PM",350*400*150,1298,1328,Yes,On Sale
Car Vacuum Cleaner Wireless 5000Pa Handheld Mini Vaccum Cleaner For Car Home Desktop Cleaning Portable Vacuum Cleaner,,CJQCQCQC00871-White-SetA,White/SetA,CN,"7/8/2026, 11:01:38 PM",350*400*150,1299,1329,Yes,On Sale
Car Vacuum Cleaner Wireless 5000Pa Handheld Mini Vaccum Cleaner For Car Home Desktop Cleaning Portable Vacuum Cleaner,,CJQCQCQC00871-Black-SetB,Black/SetB,CN,"7/8/2026, 11:01:38 PM",350*400*150,1283,1313,Yes,On Sale
Car Vacuum Cleaner Wireless 5000Pa Handheld Mini Vaccum Cleaner For Car Home Desktop Cleaning Portable Vacuum Cleaner,,CJQCQCQC00871-Black-SetA,Black/SetA,CN,"7/8/2026, 11:01:38 PM",350*400*150,1297,1327,Yes,On Sale
Portable Kinetic Car Air Freshener Solar Powered Double Ring Rotating Air Cleaner Perfume Fragrance Diffuser,,CJYD188360401AZ,Black Ocean,CN,"7/20/2026, 1:34:56 PM",110*110*50,109,128,Yes,On Sale
Portable Kinetic Car Air Freshener Solar Powered Double Ring Rotating Air Cleaner Perfume Fragrance Diffuser,,CJYD188360402BY,Cologne,CN,"7/20/2026, 1:34:56 PM",110*110*50,108,128,Yes,On Sale
Portable Kinetic Car Air Freshener Solar Powered Double Ring Rotating Air Cleaner Perfume Fragrance Diffuser,,CJYD188360403CX,Slices of Ocean,CN,"7/20/2026, 1:34:56 PM",78*78*20,9,15,Yes,On Sale
Portable Kinetic Car Air Freshener Solar Powered Double Ring Rotating Air Cleaner Perfume Fragrance Diffuser,,CJYD188360404DW,Slices of Cologne,CN,"7/20/2026, 1:34:56 PM",78*78*20,8,15,Yes,On Sale
Car Phone Holder Long Rod Telescopic Car Dashboard Suction Cup Type,,CJQCQCQC00072-A,A,CN,"7/20/2026, 10:02:55 PM",150*130*110,201,234,Yes,On Sale
Car Phone Holder Long Rod Telescopic Car Dashboard Suction Cup Type,,CJQCQCQC00072-2pcs Black,2pcs Black,CN,"7/20/2026, 10:02:55 PM",130*150*220,376,438,Yes,On Sale
Car Phone Holder Long Rod Telescopic Car Dashboard Suction Cup Type,,CJQCQCQC00072-Yellow,Yellow,CN,"7/20/2026, 10:02:55 PM",150*130*110,198,234,Yes,On Sale
Car Phone Holder Long Rod Telescopic Car Dashboard Suction Cup Type,,CJQCQCQC00072-2pcs Purple,2pcs Purple,CN,"7/20/2026, 10:02:55 PM",130*150*220,386,438,Yes,On Sale
Car Phone Holder Long Rod Telescopic Car Dashboard Suction Cup Type,,CJQCQCQC00072-Purple,Purple,CN,"7/20/2026, 10:02:55 PM",150*130*110,186,234,Yes,On Sale
Car Phone Holder Long Rod Telescopic Car Dashboard Suction Cup Type,,CJQCQCQC00072-Black+Yellow,Black+Yellow,CN,"7/20/2026, 10:02:55 PM",130*150*220,408,438,Yes,On Sale
Car Phone Holder Long Rod Telescopic Car Dashboard Suction Cup Type,,CJQCQCQC00072-B,B,CN,"7/20/2026, 10:02:55 PM",150*130*110,190,234,Yes,On Sale
Car Phone Holder Long Rod Telescopic Car Dashboard Suction Cup Type,,CJQCQCQC00072-Black,Black,CN,"7/20/2026, 10:02:55 PM",150*130*110,187,234,Yes,On Sale
Car Phone Holder Long Rod Telescopic Car Dashboard Suction Cup Type,,CJQCQCQC00072-2pcsYellow,2pcsYellow,CN,"7/20/2026, 10:02:55 PM",130*150*220,408,438,Yes,On Sale
Car Cleaning Brush Ice Scraper Detachable Snow Shovel Brush Dust Remove Brush Auto Windshield Extendable Snow Brush Foam Handle,,CJXC103466701AZ,Blue,CN,"7/20/2026, 9:37:50 PM",600*80*60,375,468,Yes,On Sale
Car Cleaning Brush Ice Scraper Detachable Snow Shovel Brush Dust Remove Brush Auto Windshield Extendable Snow Brush Foam Handle,,CJXC103466702BY,Orange,CN,"7/20/2026, 9:37:50 PM",600*80*60,433,476,Yes,On Sale
Car Cleaning Brush Ice Scraper Detachable Snow Shovel Brush Dust Remove Brush Auto Windshield Extendable Snow Brush Foam Handle,,CJXC103466703CX,black,CN,"7/20/2026, 9:37:50 PM",600*80*60,386,477,Yes,On Sale
